 accX_mean, accX_std_deviation, accX_variance, accX_median, accX_min, accX_max, accX_add, accY_mean, accY_std_deviation, accY_variance, accY_median, accY_min, accY_max, accY_add, accZ_mean, accZ_std_deviation, accZ_variance, accZ_median, accZ_min, accZ_max, accZ_add, average_resultant_acceleration,class
6770.666666666668,211.13871164605405,44579.55555555557,6752.0,6432,7024,189.33333333333331,-2224.0,168.31716093930137,28330.66666666667,-2168.0,-2496,-2032,149.33333333333334,4730.666666666667,290.60549815093924,84451.55555555555,4656.0,4352,5184,250.66666666666663,8553.78923180962,Midair-S
6688.0,366.2567405523071,134144.0,6864.0,6032,7056,313.6,-2092.8,434.4699759477057,188764.16,-2304.0,-2480,-1312,375.04,6380.8,749.8795636633928,562319.3600000002,6192.0,5440,7616,642.5600000000002,9477.54000149828,Midair-S
4748.8,540.7337237494995,292392.96000000014,4880.0,4016,5536,477.44,179.2,477.0469159317561,227573.76,304.0,-624,720,412.16,9369.6,701.0556611282732,491479.04,9648.0,8240,10064,641.28,10505.837341211789,Midair-S
3225.6,468.0758912825996,219095.04,3184.0,2496,3952,350.72,1612.8,336.74583887555315,113397.76,1760.0,1056,1968,304.64,9584.0,345.0959286922985,119091.19999999998,9568.0,9136,10080,300.8,10240.052499865418,Midair-S
1827.2,325.1426763745418,105717.76000000002,1888.0,1312,2224,284.16,1536.0,313.3713452120343,98201.6,1600.0,1040,1952,268.8,7916.8,790.497160020199,624885.76,8032.0,6784,8960,701.4399999999998,8268.837770811566,Midair-S
288.0,512.0999902362819,262246.4,128.0,-272,992,480.0,-297.6,620.057287675905,384471.0399999999,-240.0,-1200,608,523.5200000000002,3590.4,1776.8675358619164,3157258.24,3680.0,1072,6080,1528.3200000000004,3614.205572459873,Midair-S
-2137.6,626.4648753122557,392458.23999999993,-2288.0,-2912,-1200,564.48,-2019.2,732.2618111031053,536207.36,-1696.0,-3264,-1344,656.64,-1500.8,1388.3132787667196,1927413.76,-1248.0,-3712,256,1199.36,3301.3486698620613,Midair-S
-3052.8,65.11036783800256,4239.359999999998,-3024.0,-3152,-2976,60.16000000000004,-4550.4,602.4674597021818,362967.0399999999,-4544.0,-5312,-3760,532.4799999999998,-5779.2,1043.9751721185712,1089884.1600000004,-5680.0,-7312,-4416,912.64,7963.973922609241,Midair-S
-2851.2,162.3507314427625,26357.759999999995,-2928.0,-2960,-2528,129.28000000000014,-5334.4,132.55881713413106,17571.84,-5344.0,-5568,-5184,101.12000000000008,-9142.4,688.9741940014881,474685.44,-9152.0,-10064,-8160,593.9200000000002,10962.145892114373,Midair-S
-2646.4,68.33330081300039,4669.44,-2640.0,-2736,-2544,58.88000000000002,-8028.8,1078.9933085983434,1164226.56,-8144.0,-9360,-6368,938.24,-12038.4,839.9375214859733,705495.04,-12080.0,-13232,-10864,721.9200000000002,14710.137217578904,Midair-S
-2438.4,140.0708392207315,19619.840000000007,-2400.0,-2704,-2288,106.24000000000004,-9744.0,177.30425826809687,31436.8,-9840.0,-9888,-9424,153.6,-14275.2,414.9401884609395,172175.36,-14272.0,-14768,-13552,317.44000000000017,17454.87512415944,Midair-S
-4768.0,1020.1427351111216,1040691.2,-4352.0,-6176,-3424,940.8,-8640.0,533.8344312612292,284979.2,-8288.0,-9568,-8160,480.0,-10492.8,1966.0972915906275,3865538.56,-10576.0,-13280,-7568,1648.64,14404.24506317495,Midair-S
-6876.8,360.82039853644636,130191.36000000006,-6704.0,-7504,-6464,309.7600000000001,-9065.6,393.82107612467865,155095.03999999998,-8928.0,-9520,-8528,363.52000000000015,-4022.4,1336.9950785249735,1787555.8400000003,-3728.0,-6112,-2160,1134.08,12068.768924790962,Midair-S
-8172.8,285.3926418112422,81448.95999999998,-8192.0,-8480,-7728,247.04,-6377.6,716.5142287491576,513392.64,-6128.0,-7632,-5712,619.5200000000002,2918.4,2390.522085235775,5714595.839999999,2800.0,-384,6160,2087.6800000000007,10769.65645505928,Midair-S
-7510.4,69.0785060637533,4771.840000000001,-7488.0,-7632,-7440,58.879999999999924,-5632.0,552.4983257893186,305254.40000000014,-5696.0,-6240,-4960,505.6,7462.4,822.1322521346551,675901.4400000002,6896.0,6832,8960,711.68,11992.203547305224,Midair-S
-7296.0,232.96351645697655,54272.0,-7184.0,-7760,-7152,185.6,-4185.6,542.7373582129759,294563.84,-4000.0,-5056,-3600,491.52000000000015,14076.8,2158.646094198861,4659752.959999999,14736.0,10544,16288,1930.24,16398.388994044504,Midair-S
-6883.2,211.8777005727597,44892.16,-7008.0,-7072,-6528,194.56000000000003,-8156.8,1966.2535340082675,3866152.96,-9296.0,-9984,-4784,1776.64,14652.8,554.0160286489914,306933.7600000001,14416.0,14192,15680,456.9599999999999,18127.779133694232,Midair-S
-6723.2,258.2699363069577,66703.36,-6656.0,-7088,-6384,234.23999999999995,-8819.2,211.15150958494235,44584.96,-8800.0,-9104,-8512,183.0400000000001,13513.6,632.3219433168517,399831.04,13680.0,12496,14336,545.28,17481.335527928066,Midair-S
-7462.4,650.2853527490836,422871.0400000001,-7136.0,-8672,-6848,532.4799999999998,-12864.0,1231.8545368670768,1517465.6000000003,-12720.0,-14272,-10784,998.4,9347.2,1057.8117790987203,1118965.7600000002,8960.0,8304,11120,944.64,17565.308354822584,Midair-S
-8886.4,193.48757066023649,37437.44,-8928.0,-9152,-8608,171.5200000000001,-12723.2,1489.1316127193054,2217512.96,-12352.0,-15056,-11136,1341.44,3980.8,2394.0705419849264,5731573.76,4144.0,720,7424,2071.04,16021.69441226489,Midair-S
-6419.2,238.05075089148534,56668.16,-6304.0,-6752,-6192,227.84,-13609.6,1398.681893784287,1956311.0400000003,-13440.0,-15568,-11856,1253.12,-736.0,312.0615323938534,97382.4,-736.0,-1072,-240,262.4,15065.491588394983,Midair-S
-5766.4,685.4725669200774,469872.64,-5616.0,-6784,-4976,622.0799999999998,-11926.4,246.3376544501469,60682.23999999997,-11920.0,-12256,-11632,218.87999999999997,-470.4,186.20590753249482,34672.64,-512.0,-672,-208,171.52,13255.627562661828,Midair-S
-4857.6,126.22773070922251,15933.44,-4816.0,-5040,-4688,113.92000000000007,-9651.2,1308.146536134236,1711247.36,-9792.0,-11408,-7744,1141.7599999999998,-105.6,132.17200913960562,17469.43999999999,-48.0,-368,-16,104.96,10805.23440560176,Midair-S
680.0,306.75940626708314,94101.33333333331,712.0,144,1072,248.0,-6536.0,370.97349411155153,137621.33333333337,-6536.0,-7024,-6080,344.0,2530.6666666666665,325.4753788264517,105934.22222222225,2552.0,2032,2928,290.6666666666667,7041.730595370556,Backhand Tennis
-470.4,396.2835348585656,157040.63999999996,-240.0,-1008,-16,378.88,-7392.0,671.6189395780914,451072.0,-7584.0,-8112,-6336,608.0,2784.0,347.75623646456717,120934.4,2672.0,2256,3200,307.2,7912.875340860615,Backhand Tennis
-2108.8,824.1724091475035,679260.1599999998,-2096.0,-3312,-976,700.1600000000002,-8518.4,286.14513799818445,81879.04000000002,-8368.0,-9040,-8272,244.47999999999996,537.6,1106.737475646325,1224867.84,464.0,-864,2096,977.92,8791.995777978967,Backhand Tennis
-6915.2,1681.7027561373623,2828124.1600000006,-7408.0,-9344,-4416,1448.96,-10233.6,198.96693192588558,39587.84,-10272.0,-10432,-9856,151.03999999999982,-1289.6,941.9421638296058,887255.0399999998,-816.0,-2912,-416,843.5200000000002,12418.116932933108,Backhand Tennis
-11011.2,979.0849605626673,958607.36,-11024.0,-12224,-9808,872.9599999999997,-13622.4,2118.525676030385,4488151.04,-13264.0,-16496,-10992,1927.68,-6297.6,1148.5548484944024,1319178.2399999998,-6960.0,-7456,-4288,1012.48,18613.86775928098,Backhand Tennis
-19641.6,4455.540083985329,19851837.439999994,-18464.0,-26848,-14560,3947.52,-18742.4,975.7953883883647,952176.64,-18704.0,-20208,-17504,839.6800000000003,-412.8,4422.1568674121,19555471.36,-976.0,-6064,6688,3747.84,27152.17140782667,Backhand Tennis
-32163.2,811.4003697312442,658370.5599999999,-32544.0,-32624,-30544,647.6799999999996,-19654.4,1298.4904466340906,1686077.4400000004,-19472.0,-21008,-17456,1057.2800000000002,13667.2,2191.9743064187587,4804751.36,14448.0,10832,16368,2056.96,40094.37902549434,Backhand Tennis
-32624.0,0.0,0.0,-32624.0,-32624,-32624,0.0,-9929.6,2377.808873732285,5653975.04,-8368.0,-14256,-8096,2059.52,5347.2,1769.3251142738013,3130511.36,4832.0,3024,7568,1635.84,34518.3267265376,Backhand Tennis
-29356.8,3715.066319731049,13801717.759999998,-31408.0,-32624,-23248,3434.24,-2502.4,3220.440317720544,10371235.839999998,-3024.0,-6640,2576,2776.32,13465.6,2185.3586982461247,4775792.639999999,13808.0,10112,15952,1940.48,32394.53804825745,Backhand Tennis
-14067.2,3608.7062723363897,13022760.96,-12080.0,-18960,-10656,3485.44,6790.4,2432.012631546144,5914685.44,6704.0,2592,9344,1927.68,14688.0,1217.7250921287614,1482854.4,15024.0,12880,16000,1120.0,21441.38502989021,Backhand Tennis
-7680.0,1367.6771548870736,1870540.8000000003,-8256.0,-9456,-5744,1260.8,-1097.6,708.8270875185287,502435.84,-1376.0,-1712,272,547.84,12588.8,257.4757464306104,66293.75999999997,12640.0,12160,12880,221.4400000000001,14787.326032789024,Backhand Tennis
-4448.0,334.5492489903392,111923.19999999998,-4320.0,-5104,-4160,262.4,-665.6,119.13286700151224,14192.640000000005,-704.0,-800,-464,103.68,9593.6,1056.8045420038657,1116835.8400000005,9152.0,8672,11632,815.3600000000004,10595.512650174129,Backhand Tennis
-3587.2,319.743897517998,102236.16,-3392.0,-4192,-3328,259.84,-982.4,327.83996095656187,107479.04,-768.0,-1568,-720,289.2800000000001,10336.0,263.10150132600916,69222.4,10352.0,9968,10688,230.4,10984.808127591486,Backhand Tennis
-2198.4,162.09824181649844,26275.840000000004,-2288.0,-2352,-1920,145.92,-3228.8,245.4631540577934,60252.16,-3360.0,-3488,-2816,221.44,8489.6,395.3780975218531,156323.84,8544.0,7872,8944,346.87999999999994,9345.128151074228,Backhand Tennis
-2003.2,69.66893138264717,4853.76,-2000.0,-2096,-1888,55.040000000000006,-4131.2,419.84682921274987,176271.36000000004,-4080.0,-4800,-3632,362.24,7424.0,448.3427260478305,201011.2,7488.0,6704,7904,390.4,8728.997633176446,Backhand Tennis
-1356.8,79.9359743794995,6389.76,-1392.0,-1440,-1232,74.24000000000002,-6096.0,439.69443935533235,193331.2,-6128.0,-6768,-5424,345.6,5872.0,258.1906272504871,66662.39999999997,5984.0,5360,6064,204.8,8572.193782224012,Backhand Tennis
-1212.8,258.2699363069577,66703.36,-1296.0,-1584,-912,234.24,-7148.8,464.4301454470845,215695.36,-6976.0,-8016,-6736,373.7600000000001,4464.0,420.2856171700384,176640.00000000003,4592.0,3728,4944,352.0,8514.899957133965,Backhand Tennis
326.4,676.0714755112806,457072.6400000001,16.0,-432,1136,647.68,-8441.6,442.54970342324265,195850.24,-8160.0,-8992,-7952,427.52000000000015,2451.2,1259.1664544451621,1585500.16,3376.0,864,3600,1231.36,8796.336109994887,Backhand Tennis
2024.0,80.92795149596543,6549.333333333332,2008.0,1904,2176,58.66666666666666,-5096.0,157.78466338652814,24896.000000000004,-5136.0,-5296,-4800,128.0,6640.0,304.14031849350937,92501.33333333331,6672.0,6240,7120,261.3333333333333,8611.352507010732,Shake
3555.2,1152.062220541929,1327247.3600000006,3696.0,2224,5344,994.56,-8755.2,3020.8305083205178,9125416.959999997,-8576.0,-12880,-4832,2672.640000000001,8272.0,739.2623350340527,546508.8,8032.0,7440,9456,665.6,12558.620866958283,Shake
6704.0,387.05451812373934,149811.2,6784.0,6192,7120,358.4,-18083.2,2928.819994468762,8577986.56,-18496.0,-21520,-13808,2626.56,15344.0,3480.255622795544,12112179.2,14992.0,10656,20304,3052.8,24645.16330317168,Shake
1926.4,3056.856005768017,9344368.639999997,3488.0,-2592,5440,2872.32,-15651.2,5143.649381518922,26457128.96,-16512.0,-21392,-7648,4559.36,12124.8,6524.519856663785,42569359.36,13024.0,1920,19968,5693.440000000001,19891.753402855167,Shake
-12841.6,5943.129734407621,35320791.04,-14736.0,-18928,-3184,5345.280000000002,14185.6,12846.81279695474,165040599.04000002,12944.0,-2240,32080,11435.52,-8624.0,4183.93116578177,17505280.0,-9200.0,-13824,-2432,3712.0,20988.361391971503,Shake
-14956.8,2289.854353446961,5243432.959999999,-15472.0,-17408,-10624,1733.1200000000006,23433.6,11972.767392712514,143347159.04000002,31648.0,2192,32640,10644.48,-7184.0,2767.731778912111,7660339.199999998,-6176.0,-11824,-3968,2425.6,28713.225719169903,Shake
2137.6,6300.389626046947,39694909.43999999,6128.0,-6224,8080,6126.08,-26361.6,8571.094716545842,73463664.64000002,-31968.0,-32624,-10464,7246.08,7939.2,18679.426526529132,348920975.36000013,-3440.0,-9616,32416,18154.24,27614.021528201934,Shake
8307.2,4198.729255381919,17629327.360000007,9296.0,1248,13472,3548.16,-20073.6,12325.968839811336,151929507.84,-23328.0,-32624,-272,11034.88,11481.6,15482.248849569623,239700029.44,8400.0,-7344,32640,14174.72,24572.059892487643,Shake
-9676.8,2689.835563747345,7235215.36,-10832.0,-11856,-4528,2090.24,25344.0,9344.564366518109,87320883.20000002,31952.0,9152,32640,8467.2,-14329.6,4895.964444315338,23970467.84,-14160.0,-20288,-8176,4382.719999999998,30680.551337940466,Shake
-2374.4,6710.031463413566,45024522.24,-2032.0,-11168,8720,5345.280000000002,-4377.6,25020.119596836466,626006384.64,-8640.0,-32400,31056,22778.88,-6630.4,11762.14228106428,138347991.04000002,-11680.0,-17696,15056,9713.920000000002,8292.367652245046,Shake
10950.4,2604.976898170116,6785904.639999998,11808.0,6912,14112,2353.92,-21990.4,10697.048146100868,114426839.04,-25568.0,-32624,-6064,9937.92,22195.2,12471.19443197002,155530690.56000003,31472.0,2000,32592,11720.96,33107.640437820395,Shake
-4006.4,4034.21653360352,16274903.039999995,-6688.0,-7600,1600,3915.52,20745.6,11643.342365489387,135567421.44,24608.0,1056,32592,10266.88,-12352.0,6137.354739625208,37667123.2,-11680.0,-20640,-4048,5452.8,24474.53910332123,Shake
-1977.6,4404.525381922552,19399843.84,-4688.0,-5648,6176,3713.28,3660.8,21536.697522136492,463829340.16,5120.0,-27616,31440,18826.24,-11315.2,8612.694036130622,74178498.55999999,-13248.0,-20960,2912,7496.960000000001,12055.957425273204,Shake
14912.0,2481.5994842036857,6158335.999999999,16112.0,11536,18160,2304.0,-30508.8,3850.19180820904,14823976.959999995,-32320.0,-32624,-22816,3077.120000000001,21648.0,5935.176223163049,35226316.8,22608.0,11424,27872,4960.0,40271.46043341364,Shake
2758.4,5741.629371528607,32966307.83999999,1856.0,-5952,11664,4532.480000000001,1091.2,11078.903743602074,122742108.16,-1808.0,-12336,18512,9859.84,-2057.6,8606.421267867381,74070487.03999998,-3856.0,-13024,11376,7540.48,3610.153149106004,Shake
-7782.4,1388.099362437718,1926819.84,-8288.0,-8944,-5120,1064.9600000000003,27244.8,7366.504256429911,54265384.95999999,29664.0,12848,32640,5758.72,-18787.2,2450.1094179648385,6003036.159999998,-18768.0,-21360,-14736,2013.44,33997.11400457397,Shake
9833.6,5402.322226598484,29185085.440000005,11520.0,368,15328,4615.68,-27270.4,9568.682785002331,91559690.23999996,-32496.0,-32624,-8208,7624.959999999999,12009.6,17918.904537945393,321087139.84,14000.0,-12640,32560,16186.88,31378.414511890176,Shake
6307.2,4776.0940694253495,22811074.559999995,8416.0,-1152,12288,4309.76,-10912.0,10671.124401861314,113872896.0,-9232.0,-27184,3824,9139.2,9772.8,13363.015324394417,178570178.56000003,6096.0,-5600,31904,11682.56,15948.671909597992,Shake
-8889.6,1531.07878308074,2344202.24,-9104.0,-10336,-6032,1143.0399999999995,27011.2,7388.573404927368,54591016.96,32144.0,13856,32640,6549.76,-17568.0,4379.629938704868,19181158.4,-20000.0,-22080,-10240,3980.8,33425.50729009209,Shake
412.8,7141.582748942982,51002204.16,160.0,-8096,12832,5551.36,-10361.6,21392.26590709829,457629040.6400001,-15216.0,-32560,23056,19220.48,-4688.0,10446.581220667362,109131059.2,-9616.0,-15168,13520,9190.4,11380.268116349456,Shake
12185.6,3700.77751830612,13695754.24,12864.0,6512,16304,3310.080000000001,-23350.4,9464.048554397848,89568215.04,-26928.0,-32624,-9264,8849.92,23302.4,9812.311483029878,96281456.64000002,29088.0,6768,32432,8971.52,35167.19882617892,Shake
-4054.4,4398.872291849356,19350077.440000005,-5440.0,-8528,3072,3960.32,14409.6,13076.20240895651,170987069.44000003,13664.0,-3936,32352,11358.72,-12060.8,7862.865594679843,61824655.35999999,-12128.0,-22912,-608,6666.24,19223.36152081628,Shake
-2732.8,5770.49177800298,33298575.35999999,-6768.0,-8032,6608,5405.44,7680.0,22672.622150955543,514047795.2,11968.0,-27632,32624,20198.4,-15558.4,6637.162574474125,44051927.03999999,-16032.0,-23712,-4960,5617.92,17564.57817313015,Shake
9814.4,2479.671720208141,6148771.840000002,9744.0,6816,13248,2190.08,-27020.8,7374.020732273539,54376181.76000001,-32480.0,-32624,-14176,6659.839999999998,25737.6,7495.890543491148,56188375.04000002,30288.0,13664,32576,7015.68,38585.879979080426,Shake
-1363.2,3660.9090892836975,13402255.359999998,-2304.0,-6704,4256,3061.76,9104.0,11671.286612880349,136218931.20000002,8432.0,-6720,24368,10316.8,-8515.2,9927.539844291736,98556047.35999998,-9056.0,-21072,6128,8636.16,12539.926685591108,Shake
-4118.4,3008.656949537451,9052016.64,-4368.0,-7616,-288,2725.12,12985.6,19049.28472777915,362875248.6400001,20112.0,-17200,31280,17486.079999999998,-17187.2,6165.424313054212,38012456.96,-18320.0,-24192,-7728,5506.56,21931.412853712824,Shake
7801.6,1455.8980184065094,2119639.04,7648.0,5552,9392,1259.52,-26784.0,7124.180345836286,50753945.6,-31280.0,-32592,-14032,6265.6,23417.6,10379.902303971845,107742371.83999996,24272.0,3952,32608,7786.240000000002,36422.95441503888,Shake
4656.0,145.76693726630882,21248.0,4680.0,4384,4816,122.66666666666669,-5237.333333333333,231.06324290596768,53390.22222222223,-5232.0,-5664,-4896,165.33333333333334,3458.666666666666,214.74532720307457,46115.555555555555,3408.0,3216,3840,179.55555555555554,7814.753454559878,Midair-S
5513.6,309.85519198490124,96010.24,5360.0,5104,5936,286.72000000000014,-6006.4,215.28176885189325,46346.23999999999,-6096.0,-6272,-5744,203.52000000000007,4121.6,640.2879352291436,409968.64,3904.0,3408,5136,581.1200000000001,9135.875025414916,Midair-S
5443.2,333.84451470707137,111452.16,5632.0,5008,5856,316.16,-4880.0,548.2189343683782,300544.0000000001,-4800.0,-5712,-4176,480.0,7833.6,1452.2360138765325,2108989.4399999995,7760.0,5888,10032,1233.92,10714.854884691626,Midair-S
4403.2,366.73172756116963,134492.16,4336.0,3968,4976,323.84,-2640.0,1124.06120829784,1263513.6,-2800.0,-4000,-928,992.0,11020.8,409.6,167772.15999999995,11040.0,10464,11680,330.2400000000001,12157.952248631345,Midair-S
3299.2,611.3088908236164,373698.56000000006,3552.0,2208,3920,520.96,598.4,530.0421115345459,280944.64,448.0,-64,1536,417.27999999999986,9916.8,602.2804662281519,362741.76,10096.0,8752,10480,465.92000000000036,10468.320086814309,Midair-S
73.6,681.877877629125,464957.44,112.0,-1136,896,513.28,-1497.6,2124.9686680043073,4515491.84,-1952.0,-3696,1888,1889.28,4796.8,2580.545554722877,6659215.3599999985,5680.0,400,7392,2269.44,5025.685322421212,Midair-S
-2886.4,361.13244107944666,130416.63999999994,-2960.0,-3344,-2240,267.52,-2720.0,390.8718460058232,152780.8,-2560.0,-3248,-2288,371.2,-4585.6,1855.2715811977505,3442032.6400000006,-5232.0,-6448,-1424,1633.28,6062.7908029223645,Midair-S
-4265.6,247.5815825137242,61296.64000000001,-4192.0,-4624,-3984,229.1200000000001,-4217.6,544.0564676575401,295997.44,-3904.0,-4992,-3696,523.5200000000002,-11459.2,4212.619821441284,17746165.759999998,-12912.0,-15856,-5040,3893.76,12934.3247894894,Midair-S
-3958.4,32.9460164511584,1085.4399999999996,-3968.0,-4000,-3920,30.71999999999998,-4528.0,968.1256116847647,937267.2,-4192.0,-6064,-3520,883.2,-13228.8,873.6293035378336,763228.16,-13696.0,-14352,-12176,823.0400000000003,14531.788052404287,Midair-S
-2291.2,631.9817718890317,399400.96000000014,-1904.0,-3376,-1744,573.4399999999998,-5916.8,635.6975381421578,404111.36,-6304.0,-6400,-4736,535.04,-18057.6,1543.8665227279205,2383523.840000001,-17872.0,-19712,-15600,1317.1199999999994,19139.880810496183,Midair-S
-3193.6,659.4329685419132,434851.84,-3440.0,-3840,-2112,596.48,-4787.2,1086.5590457954877,1180610.5600000005,-4336.0,-6880,-3936,837.1199999999999,-12371.2,2410.1205281064263,5808680.959999999,-12448.0,-15776,-8832,2031.36,13644.154581358274,Midair-S
-5472.0,738.7773683593725,545792.0,-5264.0,-6352,-4400,665.6,-7532.8,412.2166420706472,169922.56000000006,-7488.0,-8048,-6864,341.7600000000001,518.4,6176.494073501569,38149079.04000001,-576.0,-7344,10704,5191.68,9324.944954261124,Midair-S
-2579.2,1793.5250653392054,3216732.16,-3072.0,-5216,-544,1608.96,-5465.6,1130.2660925640475,1277501.4400000002,-5936.0,-6864,-3568,974.08,20873.6,2018.502573691696,4074352.64,21120.0,17088,22864,1514.240000000001,21730.905019349742,Midair-S
777.6,574.0054355143337,329482.23999999993,1040.0,-368,1104,458.24000000000007,-2688.0,1140.2512003940185,1300172.8,-3168.0,-3904,-912,1056.0,20025.6,1129.359747821747,1275453.4400000002,20304.0,18736,21680,1012.4800000000004,20220.15482433307,Midair-S
-172.8,861.4124215496315,742031.3600000001,-112.0,-1408,976,751.36,-3580.8,946.6484880883718,896143.3600000001,-4112.0,-4304,-1792,771.8399999999998,19088.0,1293.330584189518,1672704.0,19040.0,17104,20896,1068.8,19421.73350862379,Midair-S
-4435.2,1258.4343288388154,1583656.9600000004,-4752.0,-6240,-2560,1084.16,-6947.2,3011.3411231542664,9068175.359999998,-5792.0,-12016,-4064,2691.84,14086.4,1200.5161556597227,1441239.0399999996,13904.0,12400,15648,1070.08,16320.57755840767,Midair-S
-6505.6,616.4133677979413,379965.44000000006,-6832.0,-7152,-5456,551.68,-16803.2,1689.8424068533732,2855567.360000001,-16320.0,-19840,-14880,1360.64,7980.8,5114.39092756899,26156994.559999995,10960.0,-768,13056,4605.44,19706.941169039907,Midair-S
-1244.8,1679.5092616594882,2820751.359999999,-256.0,-3568,416,1621.76,-19756.8,2604.5798432760707,6783836.159999998,-20064.0,-22640,-16016,2339.84,-7923.2,788.8762640617349,622325.7600000001,-7696.0,-9440,-7168,606.7199999999998,21322.70553940095,Midair-S
354.66666666666674,233.22283097691974,54392.888888888876,328.0,16,640,210.66666666666669,-962.6666666666665,391.8548484097424,153550.22222222222,-832.0,-1728,-608,318.22222222222223,7856.0,288.29614403711105,83114.66666666669,7808.0,7504,8336,245.33333333333331,7922.704813102376,Backhand Tennis
-649.6,408.7491162069956,167075.84,-608.0,-1216,-48,350.72,-2848.0,522.296467535441,272793.6,-2848.0,-3520,-2176,460.8,8128.0,237.74944794888592,56524.8,8176.0,7792,8400,217.6,8636.982584213076,Backhand Tennis
-2448.0,790.1473280344622,624332.8,-2336.0,-3888,-1552,595.2,-6601.6,2148.141671305689,4614512.64,-6208.0,-9824,-3824,1899.52,9891.2,1370.160632918637,1877340.16,9728.0,8048,11840,1207.0400000000004,12141.238157618027,Backhand Tennis
-5952.0,846.1564867091665,715980.8000000002,-5888.0,-7264,-4832,716.8,-11980.8,1328.6899412579296,1765416.9600000004,-12080.0,-13424,-10176,1194.2400000000002,12726.4,439.6478590872472,193290.24,12624.0,12192,13408,391.68,18464.2121304972,Backhand Tennis
-10505.6,2373.045435721786,5631344.6400000015,-10064.0,-13968,-7920,2155.52,-17443.2,2931.3711740412537,8592936.959999997,-17168.0,-22208,-13728,2448.640000000001,14848.0,1492.757984403366,2228326.4,14768.0,12768,16784,1312.0,25201.110324745616,Backhand Tennis
-21171.2,3707.658150369314,13746728.960000005,-23776.0,-24400,-16272,3618.56,-8576.0,11685.337958313401,136547123.20000002,-10720.0,-22464,8096,10611.2,14297.6,3768.475214194728,14201405.44,15248.0,8752,18576,3450.88,26947.891405451373,Backhand Tennis
-22284.8,1177.9912393562188,1387663.3600000006,-22704.0,-23904,-20640,1066.2400000000002,20569.6,7455.35173147451,55582269.44,17936.0,12992,32272,6840.32,13241.6,3595.333508869518,12926423.04,13584.0,7536,17024,3111.68,33091.7017658506,Backhand Tennis
-5840.0,3038.568083818429,9232895.999999998,-5168.0,-10656,-2064,2662.4,23545.6,4838.994672450053,23415869.44,22464.0,17792,31840,4043.52,4854.4,2153.069771280067,4635709.44,4608.0,2256,7312,1966.08,24739.96925462924,Backhand Tennis
649.6,1312.1014594916048,1721610.2399999998,48.0,-944,2608,1214.72,7139.2,4304.867124546355,18531880.96,5648.0,2480,14112,3882.24,1571.2,631.5765670130583,398888.9600000001,1664.0,880,2576,540.1600000000002,7338.8572843461125,Backhand Tennis
3148.8,87.28436286070948,7618.56,3184.0,2976,3216,69.11999999999989,-108.8,930.6114978872763,866037.76,32.0,-1264,1424,764.1600000000002,4556.8,957.7253050849183,917237.76,4784.0,3040,5744,842.24,5539.964360896198,Backhand Tennis
6258.666666666668,318.58576378879343,101496.88888888886,6224.0,5872,6720,285.3333333333333,1394.666666666667,216.52610825384446,46883.555555555555,1464.0,1040,1616,189.33333333333331,-3413.333333333333,544.1307032526488,296078.22222222225,-3464.0,-4160,-2592,496.0,7264.07929472139,Shake
3008.0,1729.3920319002282,2990796.8,3888.0,224,4912,1587.2,1571.2,579.6683189549003,336015.36000000004,1328.0,1040,2672,451.84,-6867.2,2367.619428877876,5605621.76,-6192.0,-10864,-4432,2071.04,7659.971885065897,Shake
-5257.6,2923.9421061300104,8549437.440000001,-4064.0,-9424,-1552,2705.92,5043.2,1402.220867053404,1966223.36,5024.0,3232,6928,1232.64,-18044.8,2782.2964903115558,7741173.760000002,-18832.0,-20928,-13360,2435.84,19459.985381289476,Shake
-13878.4,2114.171005382488,4469719.040000001,-14912.0,-15648,-9888,1707.52,2633.6,2594.67713598436,6732349.44,1248.0,0,6992,2353.92,-6982.4,7695.4351559869565,59219722.24000001,-8144.0,-16112,5296,6680.320000000002,15757.529796259309,Shake
-1209.6,8354.492195220486,69797539.84000002,1280.0,-14656,8192,7473.92,-9654.4,9388.843626347176,88150384.63999999,-12672.0,-19520,5056,8568.32,26736.0,6043.570864977095,36524748.79999999,28864.0,16816,32624,5446.4,28451.437002724484,Shake
9600.0,1005.1260617454907,1010278.4,10096.0,7632,10352,787.2,-313.6,7587.945640290262,57576919.04,-1952.0,-12768,8480,6337.280000000002,32640.0,0.0,0.0,32640.0,32640,32640,0.0,34023.9319444417,Shake
-7075.2,6772.483810242738,45866536.96,-8096.0,-17600,2576,5583.36,-8150.4,487.78749471465545,237936.64,-8096.0,-8672,-7328,398.07999999999987,14227.2,11827.952357022748,139900456.95999998,13360.0,-1632,31760,10192.64,17857.790877933363,Shake
-18192.0,830.6450505480666,689971.2,-18560.0,-19104,-16784,736.0,672.0,4413.680550289067,19480576.0,720.0,-5168,7296,3737.6,-21766.4,9404.394411125046,88442634.24,-21952.0,-32576,-8992,8337.92,28375.634212471803,Shake
-22604.8,3149.382060023839,9918607.36,-21744.0,-27488,-19456,2863.36,19443.2,5552.994954076585,30835752.96,20512.0,12304,26768,5058.56,-32460.8,326.4000000000001,106536.96000000002,-32624.0,-32624,-31808,261.12000000000046,44076.280990119856,Shake
-31308.8,1437.3807289650158,2066063.3600000003,-32080.0,-32624,-29040,1347.84,-14073.6,13792.395725181323,190230179.84000003,-16752.0,-31280,4928,12564.48,12636.8,22558.906980614112,508904284.16,26368.0,-22192,32640,21418.24,36578.626117447326,Shake
-8755.2,5470.300554814151,29924188.16000001,-6528.0,-17552,-3344,5015.04,3897.6,11947.244462218057,142736650.24,5088.0,-14688,20544,9959.68,32640.0,0.0,0.0,32640.0,32640,32640,0.0,34017.8543238694,Shake
-17747.2,6043.099813837265,36519055.36,-16768.0,-25264,-8400,5213.440000000001,-10540.8,4747.18031677753,22535720.96,-11776.0,-16368,-2528,4016.64,1305.6,18995.33207501253,360822640.64,2400.0,-27520,27952,15886.079999999998,20682.750393504244,Shake
-21782.4,1403.797364294434,1970647.04,-21264.0,-23984,-20128,1274.8800000000006,19939.2,13205.525728269966,174385909.76000002,26704.0,2144,32640,12719.36,-32560.0,120.15989347531895,14438.399999999998,-32624.0,-32624,-32320,96.0,43956.77702470917,Shake
-31763.2,1022.9694814607127,1046466.56,-32240.0,-32608,-29792,788.4799999999997,-1177.6,20890.186266283028,436399882.24000007,-5056.0,-28736,30272,18362.88,-8400.0,24191.989417987104,585252352.0,-14592.0,-32624,31440,21369.6,32876.24698775698,Shake
-12979.2,11688.577234206052,136622837.76,-10496.0,-32624,0,10039.04,-5696.0,15383.764948802358,236660224.00000003,176.0,-31376,9408,13804.8,32627.2,25.6,655.3600000000001,32640.0,32576,32640,20.479999999999567,35572.99858713066,Shake
-11248.0,7754.624117260616,60134195.2,-13312.0,-22016,288,6803.2,-12553.6,2240.0365711300337,5017763.840000002,-12192.0,-15584,-9680,2027.52,8982.4,18232.794647009,332434800.64,10304.0,-15136,32640,16261.12,19099.578181729565,Shake
-19808.0,1838.287899106122,3379302.4,-20480.0,-22064,-17440,1728.0,11468.8,16446.650216989474,270492303.36,6048.0,-6752,32448,15541.759999999998,-32057.6,1054.6221313816625,1112227.84,-32624.0,-32624,-29952,842.2400000000009,39390.099710460236,Shake
-30134.4,2939.7639088879228,8642211.84,-31952.0,-32384,-24704,2494.72,8051.2,18254.0420334785,333210050.55999994,7824.0,-16528,32640,15927.04,-16060.8,17792.757969466114,316582236.15999985,-23152.0,-32624,13408,16087.040000000005,35083.51723302554,Shake
-24419.2,7639.2478792090515,58358108.15999999,-24064.0,-32624,-12640,6563.839999999998,-1833.6,27501.87049347735,756352880.64,-5568.0,-32560,30128,25281.28,32489.6,285.0695353768972,81264.64000000001,32640.0,31920,32640,227.84000000000088,40684.561270339385,Shake
-13337.6,4648.407279918574,21607690.24,-13248.0,-19232,-7568,4139.52,-8928.0,9639.210590084649,92914380.8,-11408.0,-16928,9776,7481.6,11548.8,18244.935191992325,332877660.16,14720.0,-16320,32640,16266.240000000002,19773.10140569759,Shake
-13142.4,2353.438471683507,5538672.6400000015,-11728.0,-17696,-11568,1825.28,4784.0,14405.119090101267,207507456.0,-2272.0,-7840,30224,12652.8,-31961.6,1277.341238667256,1631600.64,-32624.0,-32624,-29408,1021.4400000000007,34887.72288814505,Shake
-21737.6,7611.444688099626,57934090.24,-18864.0,-32448,-11680,6974.719999999998,8665.6,17843.82839639521,318402211.84000003,8672.0,-17424,32496,15207.679999999997,-21779.2,16222.82725544472,263180124.1600001,-32624.0,-32624,9216,13013.76,31967.943783734354,Shake
-25388.8,8570.442378313968,73452482.55999999,-30080.0,-32624,-10112,7517.44,-4320.0,21217.872617206467,450198118.4,4816.0,-31280,22032,20025.6,32304.0,625.1067108902288,390758.4000000001,32640.0,31056,32640,499.2,41313.46005165871,Shake
-13852.8,4622.038615156735,21363240.96,-14256.0,-19968,-6848,3971.84,-12761.6,4411.796260028335,19463946.24,-15344.0,-16560,-4704,3777.28,10784.0,17982.761523192148,323379712.0,8384.0,-14672,32640,16057.6,21703.759084545694,Shake
-22732.8,1126.0817732296355,1268060.16,-22720.0,-24576,-21040,783.3599999999999,10748.8,17620.68137615569,310488412.16,9392.0,-11648,32400,15880.959999999995,-30742.4,3413.945611751892,11655024.64,-32608.0,-32624,-23936,2722.559999999999,39716.64707701293,Shake
-30672.0,3808.725981217341,14506393.6,-32624.0,-32624,-23056,3046.4,10435.2,16985.364881567897,288502620.16,7104.0,-11200,32640,15543.04,-20150.4,15245.713490683209,232431779.84,-29104.0,-32624,6704,13560.320000000003,38153.68400561078,Shake
-23196.8,8743.998682525062,76457512.96000001,-22784.0,-32624,-8416,7080.960000000001,-20099.2,13051.72243652155,170347458.56000003,-25488.0,-32576,1584,11804.16,32345.6,549.673939713354,302141.43999999994,32640.0,31248,32640,439.0400000000008,44590.43855177924,Shake
-8889.6,6031.848061746914,36383191.04000001,-6064.0,-18560,-2976,5579.52,-13654.4,5579.203441352538,31127511.040000007,-13664.0,-19840,-3584,4075.52,18512.0,14239.798650261875,202771865.6,23136.0,-4912,32640,12755.2,24660.93614443701,Shake
-19084.8,1102.2780774378123,1215016.9600000002,-19840.0,-20016,-17328,1040.64,5120.0,15284.447520273672,233614336.0,-848.0,-11376,30608,13651.2,-28214.4,5516.697910888361,30433955.83999999,-31984.0,-32624,-18752,5029.12,34445.55643911127,Shake
-24860.8,4535.647534806911,20572098.56,-27776.0,-28848,-17168,4151.04,17785.6,16310.97036475758,266047754.24,25968.0,-8576,32640,15111.679999999997,-22652.8,13642.735303449963,186124226.56,-32624.0,-32624,1920,11965.44,38046.50170304755,Shake
-12534.4,8788.720625893167,77241610.24,-8880.0,-27024,-3840,7975.68,-23056.0,8085.843431578426,65380863.99999999,-23792.0,-32304,-10240,6969.6,31852.8,1519.0194732129016,2307420.160000001,32640.0,28816,32640,1214.7200000000005,41270.94846499169,Shake
-7699.2,9480.84667949018,89886453.76,-2064.0,-23072,1920,8791.039999999999,-12419.2,2610.803891524601,6816296.960000001,-11952.0,-15520,-8432,2282.24,14272.0,15609.119795811679,243644620.80000004,15376.0,-10320,32640,13388.8,20425.57693873052,Shake
-23702.4,660.364020824878,436080.64,-24048.0,-24352,-22640,613.1199999999998,11731.2,16587.854911350052,275156930.56000006,8720.0,-6560,32544,15344.640000000005,-31116.8,2727.3763510010863,7438581.760000002,-32608.0,-32624,-25680,2174.7200000000007,40837.23866081055,Shake
-32336.0,536.8947755380005,288256.0,-32624.0,-32624,-31264,428.8,8758.4,16865.094765224418,284431421.44000006,5552.0,-13648,32640,15098.88,-14553.6,22688.134498896117,514751447.04,-27728.0,-32624,26400,19726.08,36525.795535758014,Shake
-21142.4,9672.391588433546,93555159.04,-19648.0,-32624,-7952,8750.08,-10745.6,14348.932024370315,205891850.24,-12528.0,-28960,7328,13025.28,32560.0,152.1262633472603,23142.4,32640.0,32256,32640,121.6,40281.78989469063,Shake
1065.6,4004.9837752480353,16039895.04,2960.0,-6432,4832,3233.28,-1033.6,3432.760381966676,11783843.84,-1296.0,-5104,3792,3060.48,21292.8,10544.965782779953,111196303.35999998,22080.0,6224,32640,9392.64,21344.48791046532,Shake
-4573.333333333333,46.571331190861294,2168.8888888888887,-4568.0,-4640,-4512,40.0,-1602.666666666667,148.21006113696268,21966.22222222221,-1576.0,-1824,-1408,136.0,6546.666666666668,96.627578303965,9336.888888888889,6544.0,6416,6656,93.33333333333331,8145.106670060661,Midair-S
-4572.8,32.633724886993825,1064.96,-4576.0,-4608,-4512,24.31999999999989,-2320.0,236.6702347148876,56012.80000000001,-2288.0,-2640,-2000,211.2,6643.2,173.62764756800686,30146.56,6608.0,6448,6928,151.03999999999996,8391.960800671079,Midair-S
-4300.8,172.74073057620197,29839.36,-4240.0,-4544,-4064,156.16000000000003,-3328.0,348.05057103817535,121139.19999999998,-3360.0,-3872,-2848,288.0,7347.2,142.53476768844857,20316.160000000003,7344.0,7120,7568,99.83999999999996,9140.777454899555,Midair-S
-3401.6,281.0904480767712,79011.84000000003,-3264.0,-3776,-3072,267.52,-4697.6,268.60945627434637,72151.04,-4832.0,-4912,-4192,218.87999999999997,7382.4,122.52281420209054,15011.84,7456.0,7184,7504,113.92000000000007,9388.192482048928,Midair-S
-3126.4,76.80000000000003,5898.2400000000025,-3104.0,-3232,-3008,65.28000000000002,-4076.8,400.6267090447166,160501.76000000007,-4064.0,-4688,-3568,341.7600000000001,6924.8,267.6164419463049,71618.55999999997,7088.0,6464,7184,240.64,8622.501391127751,Midair-S
-3292.8,18.659046063504967,348.16000000000014,-3280.0,-3328,-3280,15.360000000000035,-3174.4,239.38053387859256,57303.04,-3184.0,-3472,-2832,209.92,5792.0,300.1866086286995,90112.0,5840.0,5328,6224,249.6,7380.149808777596,Midair-S
-3427.2,96.21309682158659,9256.959999999995,-3424.0,-3584,-3328,80.63999999999996,-1648.0,815.9058769245386,665702.4,-1712.0,-2672,-496,723.2,4918.4,67.57987866221721,4567.039999999999,4944.0,4832,5008,62.72000000000007,6217.094369558821,Midair-S
-3046.4,472.53935285857415,223293.44,-3376.0,-3488,-2400,459.52,-336.0,138.74869368754432,19251.2,-336.0,-560,-176,115.2,4467.2,296.306867959553,87797.75999999997,4416.0,4160,4944,259.84,5417.501712044031,Midair-S
-2835.2,362.660392102584,131522.55999999994,-2768.0,-3424,-2384,311.04,1792.0,1019.9419591329697,1040281.6,1696.0,416,3184,902.4,4112.0,157.41918561598519,24780.8,4160.0,3808,4240,121.6,5306.426956059981,Midair-S
-3276.8,203.24408970496532,41308.16,-3424.0,-3456,-2976,195.84,3708.8,145.73180847021695,21237.759999999995,3632.0,3568,3936,136.96000000000004,3811.2,231.50844477037984,53596.16,3712.0,3552,4208,202.23999999999995,6246.42786879029,Midair-S
-2803.2,37.04267808892872,1372.1600000000005,-2816.0,-2848,-2752,34.56000000000004,4595.2,333.691114655455,111349.76000000002,4608.0,4160,5136,271.36,4188.8,81.20689625887692,6594.559999999999,4224.0,4096,4304,74.23999999999997,6820.545338900694,Midair-S
-2643.2,212.36044829487437,45096.96,-2768.0,-2848,-2288,194.56000000000003,6179.2,320.54353838441347,102748.16,6352.0,5616,6464,284.16,5100.8,518.3012251577262,268636.16,5136.0,4336,5760,451.84,8437.249523393273,Midair-S
-2102.4,29.67557918558625,880.64,-2096.0,-2144,-2064,26.880000000000013,7161.6,471.4546001472464,222269.44,7104.0,6592,7904,408.32000000000005,6380.8,339.4715893856215,115240.96,6352.0,5920,6928,277.76000000000005,9819.532013288615,Midair-S
-1683.2,209.20267684711877,43765.75999999999,-1776.0,-1920,-1312,175.36,8140.8,135.15975732443442,18268.16,8144.0,7920,8288,112.63999999999996,7760.0,362.3214042807849,131276.8,7776.0,7248,8256,313.6,11372.044094181132,Midair-S
-873.6,127.03637274418692,16138.240000000002,-816.0,-1056,-736,120.32,7705.6,116.08548574218916,13475.84,7760.0,7536,7824,110.07999999999993,8835.2,128.55878033024428,16527.36,8832.0,8624,8976,106.24000000000015,11755.858427184297,Midair-S
-630.4,176.89951950189126,31293.44000000001,-672.0,-832,-320,145.92000000000004,7145.6,281.8180973606911,79421.43999999999,7040.0,6800,7552,261.12000000000006,8585.6,109.26957490536878,11939.84,8640.0,8448,8720,103.67999999999992,11187.918970031917,Midair-S
-102.4,54.116910480920836,2928.640000000001,-64.0,-176,-48,52.48,6080.0,345.3925303187664,119296.0,6080.0,5552,6544,288.0,8665.6,306.532608379598,93962.24,8816.0,8112,8928,263.67999999999995,10586.288732128933,Midair-S
214.4,204.29938815375831,41738.24000000001,192.0,-32,544,174.08,4230.4,852.8225137741147,727306.24,4288.0,2944,5280,741.1200000000001,6966.4,443.0122345940347,196259.84000000003,6736.0,6528,7680,410.88,8153.096373771133,Midair-S
560.0,128.39937694552884,16486.400000000005,640.0,336,672,115.2,2060.8,171.5510419671067,29429.759999999995,1984.0,1872,2368,143.36000000000004,7072.0,240.53274205396653,57856.0,7072.0,6640,7328,179.2,7387.400127243684,Midair-S
364.8,148.17071235571487,21954.559999999994,304.0,256,656,116.48000000000002,624.0,962.0245319117388,925491.2,688.0,-704,1920,844.8,5910.4,278.52870588145845,77578.23999999999,5872.0,5552,6352,238.07999999999996,5954.4339109608045,Midair-S
496.0,194.3851846206392,37785.6,448.0,240,720,179.2,-249.6,388.9810278149823,151306.24000000002,-160.0,-832,224,350.72,6281.6,367.3176282184126,134922.24,6384.0,5648,6672,314.87999999999994,6306.093459504069,Midair-S
1308.8,504.18028521551696,254197.76000000004,1536.0,384,1792,419.84,-1852.8,792.5024668731323,628060.16,-2192.0,-2592,-544,720.64,6713.6,782.1103758421825,611696.64,6672.0,5696,7728,696.32,7086.4836301229125,Midair-S
1196.8,366.73172756116963,134492.16,1008.0,832,1648,354.56,-1104.0,789.4342277859505,623206.4,-1104.0,-2240,-64,678.4,7507.2,138.52710926024554,19189.760000000006,7424.0,7392,7760,119.03999999999996,7681.744468543588,Midair-S
1737.6,423.27182755293313,179159.03999999995,1824.0,1088,2336,359.68,-1190.4,556.9838776840852,310231.04,-1376.0,-1808,-304,504.32,8476.8,684.8598104721871,469032.96,8544.0,7488,9344,605.4400000000003,8734.554605702571,Midair-S
2470.4,140.8,19824.640000000007,2480.0,2288,2640,126.71999999999998,-345.6,429.8732836546138,184791.04000000004,-144.0,-1152,64,344.32,9129.6,237.44776267634109,56381.44,9104.0,8864,9488,209.92000000000007,9464.243851465368,Midair-S
2384.0,96.53186002558948,9318.4,2352.0,2288,2528,89.6,1113.6,418.2829664234488,174960.63999999998,1216.0,464,1664,366.08,10380.8,284.1340528694158,80732.15999999999,10496.0,9872,10672,240.64000000000016,10709.088177804868,Midair-S
2582.4,62.870024654043206,3952.64,2592.0,2512,2672,56.31999999999998,2400.0,477.9690366540494,228454.4,2432.0,1728,3056,416.0,10192.0,105.1627310409919,11059.2,10208.0,10016,10336,83.2,10784.509898924476,Midair-S
2835.2,172.44407789193573,29736.96,2800.0,2672,3136,144.63999999999996,3043.2,179.1428480291636,32092.16,3152.0,2736,3200,162.56000000000003,9417.6,489.2547802525797,239370.24,9280.0,8832,10144,446.72000000000014,10295.17435694996,Midair-S
3382.4,62.870024654043206,3952.6400000000012,3360.0,3312,3472,58.88000000000002,2841.6,385.6763409907328,148746.24,2688.0,2464,3472,350.72,8678.4,37.31809212700993,1392.6400000000006,8672.0,8640,8736,33.27999999999993,9738.06689646359,Midair-S
3280.0,20.23857702507763,409.6,3296.0,3248,3296,19.2,3753.6,43.64218143035474,1904.64,3760.0,3696,3808,39.68000000000002,8384.0,251.7649697634681,63385.6,8288.0,8048,8768,224.0,9753.941201381112,Midair-S
2915.2,290.90094534050587,84623.35999999999,2976.0,2464,3264,258.56000000000006,4736.0,649.8442890416134,422297.5999999999,4688.0,3888,5728,556.8,7628.8,296.65225433156576,88002.55999999998,7680.0,7168,8000,259.84,9440.692584763048,Midair-S
2051.2,69.66893138264717,4853.76,2080.0,1968,2128,66.56000000000003,5859.2,352.63941923727134,124354.56,6096.0,5264,6192,322.56000000000006,6729.6,153.99948051860434,23715.84,6640.0,6592,7008,133.12000000000006,9155.608239762121,Midair-S
2064.0,104.6747342962952,10956.8,2128.0,1872,2144,89.6,4521.6,209.9843803714933,44093.44,4448.0,4304,4880,184.32000000000008,6739.2,54.86857023834318,3010.5599999999986,6768.0,6640,6784,47.360000000000035,8373.874802025643,Midair-S
-1512.0,121.41389267021023,14741.333333333336,-1576.0,-1584,-1248,90.66666666666669,-874.6666666666665,67.6724135490641,4579.555555555555,-888.0,-960,-752,55.111111111111114,7464.0,61.79536120670115,3818.666666666666,7448.0,7376,7552,53.33333333333334,7665.669036540632,Backhand Tennis
-422.4,469.38666363670796,220323.84000000003,-240.0,-1232,112,404.48,3.2,471.32426205320684,222146.56,-112.0,-576,704,426.24,8076.8,193.96329549685424,37621.76,8032.0,7808,8368,168.96000000000004,8087.83841579442,Backhand Tennis
1478.4,978.4153719152208,957296.64,976.0,352,2976,910.08,2723.2,1308.2248124844598,1711452.16,2656.0,1072,4624,1143.04,7366.4,283.6290535188523,80445.43999999997,7360.0,7008,7744,250.87999999999997,7991.578927846485,Backhand Tennis
5244.8,1380.4356413828211,1905602.56,5264.0,3184,7136,1162.24,8019.2,1290.175553946051,1664552.9599999997,8080.0,6112,9728,1109.76,9824.0,974.0833639889349,948838.4,9840.0,8368,11024,838.4,13723.209233994796,Backhand Tennis
10041.6,1334.9255559768114,1782026.2399999998,10240.0,8192,11824,1191.6799999999996,10736.0,444.32780691737037,197427.2,10704.0,10096,11344,384.0,11459.2,206.49300230274147,42639.359999999986,11456.0,11152,11776,163.84000000000015,18638.902628642063,Backhand Tennis
14012.8,1642.8626722888314,2698997.76,14096.0,11968,16832,1271.0400000000004,12041.6,774.0825795740401,599203.8400000001,12336.0,10912,12896,724.4799999999998,12064.0,511.199374021526,261324.8,12240.0,11216,12624,454.4,22065.783249184697,Backhand Tennis
26227.2,4593.8159475538405,21103144.96,26640.0,19200,31952,3983.36,7120.0,2864.3128320768315,8204287.999999999,7904.0,2496,10480,2534.4,8675.2,961.1939242421377,923893.76,8272.0,7760,10320,855.0400000000003,28527.52205993363,Backhand Tennis
29561.6,4085.606814170938,16692183.04,31248.0,21552,32640,3203.840000000001,-7555.2,3537.098833790201,12511068.159999998,-9760.0,-11040,-1440,3164.16,7734.4,673.1114617951472,453079.04,7536.0,6800,8784,577.28,31476.819803785766,Backhand Tennis
16924.8,1369.7495245481928,1876213.76,16720.0,15248,19024,1205.7599999999998,-9424.0,1540.9586626512728,2374553.6,-8688.0,-11840,-7728,1427.2,9532.8,1121.1605415818021,1257000.96,10112.0,7392,10448,887.0400000000003,21590.157639072484,Backhand Tennis
10646.4,3021.647338787239,9130352.64,10784.0,6576,15104,2584.32,-8316.8,2411.352350860405,5814620.160000001,-8512.0,-11504,-4720,2083.84,9017.6,842.9191183025807,710512.6400000001,8896.0,8112,10240,760.32,16242.90937486262,Backhand Tennis
3459.2,1260.2232183228493,1588162.56,3872.0,1968,5216,1154.56,-2588.8,465.641235287426,216821.76000000004,-2816.0,-3056,-1936,445.44,6684.8,503.26549653239687,253276.16,6448.0,6256,7664,391.6800000000002,7959.554077961906,Backhand Tennis
10.666666666666666,42.998707990925595,1848.8888888888891,16.0,-64,64,37.333333333333336,3040.0,54.650404085117856,2986.666666666666,3040.0,2960,3120,48.0,7424.0,73.9008344562721,5461.333333333333,7416.0,7328,7568,53.33333333333334,8022.311997035378,Shake
-630.4,344.4425060877359,118640.64,-688.0,-1008,-96,305.92,4432.0,1361.4486402358334,1853542.4,3808.0,3200,6864,1177.6,9452.8,1648.1211605946935,2716303.3600000003,8816.0,7792,12400,1397.7599999999998,10459.228269810348,Shake
-1398.4,484.7339889052551,234967.04,-1472.0,-1936,-672,433.92,10028.8,766.6254365725156,587714.5599999999,10224.0,8848,11104,656.6400000000001,17683.2,1768.6015266305747,3127951.36,18704.0,14512,19312,1538.56,20377.14195465105,Shake
320.0,315.97468253010396,99840.0,128.0,16,832,294.4,7737.6,1309.5626140051495,1714954.2400000002,8272.0,5488,8992,1159.6799999999996,13801.6,2772.105163950315,7684567.040000003,13808.0,9808,17808,2318.08,15825.833827005768,Shake
1574.4,378.1690627219525,143011.84000000005,1760.0,880,1904,318.72,576.0,2264.483340632031,5127884.8,656.0,-2592,3696,1958.4,2534.4,2990.700894439295,8944291.84,2400.0,-1424,6944,2574.08,3038.699511304137,Shake
2048.0,89.94220366435326,8089.6,2016.0,1936,2208,70.4,-6377.6,1478.233756886914,2185175.04,-6912.0,-7968,-3968,1332.48,-5456.0,1488.2236391080476,2214809.6,-6256.0,-6800,-2928,1350.4,8639.214186487103,Shake
3372.8,589.825194443235,347893.75999999995,3472.0,2528,4048,535.04,-7987.2,400.6267090447166,160501.76000000007,-8224.0,-8352,-7280,354.56000000000006,-4697.6,1080.6149360433624,1167728.64,-4864.0,-6160,-3152,954.88,9860.962906329178,Shake
5193.6,407.49458892112915,166051.84,5472.0,4480,5520,366.07999999999987,-1904.0,4039.903365180905,16320819.2,-2704.0,-6480,4528,3564.8,2000.0,3270.941638121965,10699059.2,1632.0,-2064,7072,2835.2,5882.0657051753515,Shake
358.4,2003.6855641542165,4014755.84,528.0,-2144,3008,1797.12,17280.0,4509.605038138041,20336537.6,18368.0,10048,22176,4012.8,21417.6,6054.553909248806,36657623.04,22048.0,12304,28768,5319.68,27521.635858356964,Shake
-4076.8,235.89014392297105,55644.16,-4032.0,-4432,-3712,188.16000000000003,17718.4,2728.7126341921758,7445872.6400000015,17312.0,14144,21664,2420.4800000000005,24486.4,4102.489858610255,16830423.04,24880.0,18368,29296,3621.12,30498.291456407853,Shake
-873.6,1323.7174320828447,1752227.84,-800.0,-2752,736,1169.92,8329.6,3086.1772858991753,9524490.24,8576.0,3632,12400,2644.48,11174.4,3140.903920848265,9865277.44,11552.0,6608,15392,2750.7200000000007,13964.692208566576,Shake
3430.4,484.6283524516492,234864.64000000004,3648.0,2624,3872,440.32,-2688.0,3009.191253476589,9055232.000000002,-2800.0,-6896,1488,2598.4,243.2,2953.12325513176,8720936.959999999,64.0,-3936,4352,2551.04,4364.875072668174,Shake
3667.2,195.01630701046517,38031.359999999986,3568.0,3424,3936,183.04,-8604.8,259.0616914945164,67112.96,-8704.0,-8880,-8288,247.0400000000001,-5936.0,398.52528150670685,158822.4,-5872.0,-6368,-5296,339.2,11078.223453243754,Shake
4265.6,279.9954285341101,78397.43999999999,4384.0,3824,4576,257.2799999999999,-4889.6,2303.39103063288,5305610.24,-5152.0,-7728,-1264,1985.28,-1379.2,2784.0809183642627,7751106.56,-1808.0,-4624,3024,2434.56,6633.681041473129,Shake
1382.4,2342.185782554407,5485834.24,1776.0,-2400,3872,2046.72,10140.8,5944.153107045611,35332956.16,10432.0,1600,18384,5104.64,15321.6,6337.249169789681,40160727.04000001,15200.0,6752,24512,5425.92,18425.47912429959,Shake
-4838.4,421.6963836695781,177827.84000000003,-4928.0,-5200,-4032,322.5600000000003,18073.6,1830.992910963885,3352535.04,18512.0,15344,20048,1671.6800000000005,24870.4,2423.4079805100914,5872906.239999998,25888.0,20816,27408,2174.72,31122.37021307985,Shake
-2070.4,1700.4500110264926,2891530.2399999993,-2048.0,-4544,256,1447.6799999999996,10252.8,2971.788848488398,8831528.959999997,10528.0,5696,14208,2538.24,13836.8,2981.28391133753,8888053.76,13824.0,9488,18240,2453.76,17345.41721147116,Shake
2502.4,1024.229974175722,1049047.04,2928.0,560,3520,779.52,-86.4,2615.2948285040443,6839767.039999997,80.0,-3760,3616,2254.08,3344.0,2882.594387006261,8309350.3999999985,2896.0,-384,7616,2547.2,4177.535962741673,Shake
3465.6,204.29938815375831,41738.24000000001,3520.0,3072,3632,157.44000000000003,-8073.6,1414.0452043693656,1999523.8400000003,-8768.0,-9312,-5488,1198.08,-3600.0,927.613712705887,860467.1999999998,-4080.0,-4400,-1856,755.2,9494.914445112185,Shake
3187.2,130.14207620904165,16936.959999999995,3136.0,3072,3440,101.11999999999986,-7078.4,1496.7861036233596,2240368.639999999,-7504.0,-8768,-4672,1336.3200000000004,-2694.4,1192.7289046552028,1422602.2399999998,-3040.0,-3984,-704,1048.3200000000004,8217.163851354066,Shake
1808.0,1458.1961459282493,2126336.0,1872.0,-432,3424,1260.8,3820.8,4610.059539745664,21252648.96,3648.0,-2640,10368,3951.360000000001,6601.6,4093.3816631240243,16755773.440000005,6368.0,912,12544,3505.92,7838.90931188772,Shake
-2384.0,536.3222911645571,287641.6,-2576.0,-3008,-1424,435.2,11705.6,252.9012455485342,63959.03999999999,11648.0,11360,12080,222.72000000000008,14553.6,370.5097029768586,137277.44000000006,14640.0,13856,14944,279.0399999999998,18828.483749893407,Shake
-2627.2,465.4212715379477,216616.96000000005,-2656.0,-3152,-1920,405.7600000000001,8633.6,1503.0669446169056,2259210.24,8624.0,6464,10768,1265.92,12684.8,1238.4620139511749,1533788.16,12736.0,10816,14368,1047.0400000000004,15567.446156643677,Shake
-1792.0,59.14952803418355,3498.666666666666,-1792.0,-1888,-1696,48.0,-714.6666666666665,126.20970203945849,15928.888888888889,-696.0,-880,-576,122.66666666666669,7874.666666666668,161.43798258842997,26062.222222222215,7960.0,7584,8016,145.7777777777777,8107.551267525576,Midair-S
-2336.0,194.9112618603656,37990.4,-2368.0,-2544,-1984,153.6,-374.4,341.1566209235869,116387.84,-352.0,-800,16,308.48,8179.2,288.2487814371467,83087.35999999997,8144.0,7792,8640,240.64,8514.480841484112,Midair-S
-2480.0,48.53040284192992,2355.2,-2496.0,-2544,-2416,44.8,-896.0,524.2533738565734,274841.6,-768.0,-1696,-288,473.6,9299.2,114.21803710447838,13045.76,9312.0,9152,9472,98.55999999999986,9665.833468459925,Midair-S
-2809.6,256.3198002496101,65699.84000000001,-2816.0,-3136,-2400,212.48,-3024.0,555.0870202049405,308121.6,-2960.0,-3728,-2208,486.4,9916.8,201.21868700495983,40488.96,9792.0,9712,10192,194.55999999999986,10741.571132753343,Midair-S
-2515.2,296.47961144065204,87900.16,-2368.0,-3104,-2336,235.51999999999992,-4003.2,435.8818188454297,189992.96,-3808.0,-4784,-3600,375.04,9222.4,151.31635734447218,22896.64,9232.0,9040,9440,133.12000000000006,10363.614381093112,Midair-S
-2432.0,44.10895600668871,1945.6,-2432.0,-2496,-2384,38.4,-5878.4,646.5742339437909,418058.2400000001,-5888.0,-6496,-4720,491.52000000000015,8118.4,728.560663225788,530800.64,8160.0,6976,9024,619.5200000000002,10314.001605584517,Midair-S
-2326.4,82.5823225636092,6819.839999999998,-2336.0,-2416,-2176,62.71999999999999,-4732.8,688.6620070833006,474255.36,-4480.0,-5776,-3952,636.1600000000002,5564.8,646.3207872256622,417730.55999999994,5360.0,4720,6512,584.96,7666.715844479956,Midair-S
-1529.6,563.0181524604691,316989.44,-1840.0,-2208,-752,532.48,-3107.2,1849.7937614772088,3421736.96,-3168.0,-5520,-656,1634.56,4486.4,90.84844522610169,8253.439999999999,4480.0,4336,4608,71.67999999999992,5667.640863710401,Midair-S
-1318.4,397.7022001447817,158167.03999999998,-1072.0,-2032,-960,346.88,-1708.8,627.8364118144153,394178.56,-1488.0,-2464,-848,578.5600000000002,3593.6,785.7026409526699,617328.64,4064.0,2064,4144,611.84,4191.913281545791,Midair-S
-848.0,1297.7568339253696,1684172.8,-1520.0,-2336,1008,1228.8,2307.2,1736.2587825551814,3014594.56,2400.0,-304,4336,1512.96,2777.6,1609.335962439167,2589962.24,3664.0,672,4608,1543.6799999999996,3709.0885133682104,Midair-S
12.8,204.74999389499382,41922.56,80.0,-384,208,158.72000000000003,2348.8,1188.8075369882208,1413263.36,2624.0,1008,4160,1047.04,2883.2,936.698542755352,877404.1599999998,2960.0,1792,4064,847.36,3718.8529844563627,Midair-S
1446.4,298.2358797998658,88944.64000000001,1504.0,928,1808,241.92,5676.8,703.2286683575977,494530.56,5600.0,4848,6624,636.1600000000002,3484.8,763.8822945977997,583516.1599999999,3872.0,2080,4272,624.64,6816.3012140016235,Midair-S
1590.4,574.0946263465632,329584.64000000013,1264.0,992,2448,545.28,4243.2,824.1724091475035,679260.1599999998,3840.0,3376,5616,746.24,3520.0,289.41872779763236,83763.20000000001,3472.0,3072,3920,243.2,5737.989055409569,Midair-S
2048.0,315.650439568837,99635.2,2000.0,1696,2480,288.0,5433.6,919.8316367683816,846090.2399999999,5280.0,4288,6576,843.5200000000002,3152.0,346.2808109035209,119910.4,3024.0,2736,3600,326.4,6607.073252204793,Midair-S
4150.4,799.1419398329688,638627.8400000001,4512.0,2768,4896,709.1200000000001,5724.8,300.5956752849248,90357.75999999997,5808.0,5328,6096,279.04,4115.2,636.2610784890115,404828.1600000001,4256.0,3232,4864,584.96,8181.321790517716,Midair-S
4291.2,663.4426576577663,440156.1600000001,4352.0,3488,5040,604.1600000000002,6377.6,575.7866271458553,331530.24000000005,6640.0,5696,7168,532.4799999999998,4352.0,651.9680973790053,425062.4000000001,4288.0,3456,5232,576.0,8833.35062136673,Midair-S
6169.6,294.43478055420013,86691.83999999997,6144.0,5808,6592,261.12000000000006,7760.0,675.4198694145739,456192.00000000006,7600.0,7072,8816,608.0,5683.2,502.043185393448,252047.36,5840.0,4704,6080,391.6800000000002,11427.174908961533,Midair-S
5948.8,490.1748259549852,240271.36,5808.0,5264,6640,437.7600000000001,8220.8,341.8762349155027,116879.36,8256.0,7680,8752,247.0400000000001,4979.2,405.7064948950165,164597.76000000007,4960.0,4432,5632,330.2399999999999,11303.194536059265,Midair-S
7705.6,365.6411355413939,133693.44,7600.0,7312,8160,344.32000000000005,5577.6,857.4925305797128,735293.44,5248.0,4656,7040,753.9200000000002,5702.4,697.0272878446008,485847.0400000001,5568.0,4752,6624,628.4799999999998,11090.68342709321,Midair-S
6793.6,166.46152708659142,27709.44,6736.0,6656,7120,130.56000000000023,4041.6,385.14495972295936,148336.63999999998,4240.0,3280,4304,304.6400000000001,3558.4,515.746294218388,265994.24000000005,3696.0,2864,4176,478.72,8668.895089917747,Midair-S
7132.8,612.9816963009581,375746.56000000006,7440.0,6096,7728,554.24,790.4,1143.0138406861047,1306480.64,928.0,-752,2384,1009.92,4169.6,425.32321827052886,180899.84,4176.0,3568,4688,372.47999999999985,8299.827236756197,Midair-S
6732.8,897.7924927286929,806031.3600000001,6416.0,5808,7968,847.36,-294.4,233.97230605351564,54743.03999999999,-208.0,-736,-48,176.64,3888.0,884.6712383705034,782643.2,3392.0,3136,5456,780.8,7780.347755724033,Midair-S
6982.4,634.7464375638511,402903.04,6848.0,6176,7792,583.68,-924.8,458.55006269762964,210268.16000000003,-976.0,-1392,-160,387.84,4819.2,500.7156478481575,250716.16000000003,4848.0,4128,5584,418.56000000000006,8534.275214685778,Midair-S
6348.8,178.57032228228744,31887.36,6352.0,6128,6592,157.43999999999997,-828.8,418.9923149653225,175554.55999999994,-832.0,-1536,-352,336.64,4057.6,399.5004881098394,159600.63999999998,3808.0,3712,4784,344.32,7580.124579451185,Midair-S
6288.0,134.62837739496084,18124.800000000007,6240.0,6160,6544,102.4,-2601.6,177.76568847783867,31600.63999999999,-2624.0,-2832,-2384,161.28000000000003,4492.8,271.0382998766042,73461.76000000001,4624.0,4096,4816,253.44,8154.2944759188085,Midair-S
7894.4,411.8687169475243,169635.84,8176.0,7280,8272,395.52000000000015,-2355.2,139.26435294072922,19394.560000000005,-2304.0,-2624,-2224,107.51999999999991,6150.4,814.0588676502457,662691.8400000001,6096.0,4912,7056,705.28,10280.8530074114,Midair-S
8422.4,279.8125086553494,78295.03999999996,8416.0,8096,8880,231.67999999999992,-2067.2,308.16515052808944,94965.76000000002,-1984.0,-2624,-1776,253.44,6476.8,55.79390647732061,3112.96,6480.0,6416,6560,48.63999999999997,10824.00461197241,Midair-S
9331.2,132.09451161952185,17448.960000000006,9328.0,9168,9552,106.24000000000015,-1388.8,656.5383157135614,431042.56,-1584.0,-2080,-544,618.24,7347.2,274.23085165604544,75202.55999999997,7312.0,6944,7760,227.84,11957.483293737025,Midair-S
9721.6,130.22073567600515,16957.44,9728.0,9568,9952,97.27999999999993,-416.0,230.97705513751797,53350.4,-448.0,-672,-112,211.2,6000.0,294.50432933999457,86732.79999999999,6032.0,5632,6480,243.2,11431.647412337383,Midair-S
10140.8,65.8920329023168,4341.759999999998,10112.0,10048,10224,60.159999999999854,217.6,156.30943669529358,24432.640000000007,224.0,0,432,135.68,5168.0,370.01189170079385,136908.8,5280.0,4656,5584,345.6,11383.82178356636,Midair-S
9644.8,188.6100739621296,35573.76,9536.0,9472,9952,175.35999999999984,185.6,106.4210505492217,11325.44,208.0,48,352,90.88,3616.0,218.9136816190345,47923.2,3584.0,3296,3904,192.0,10302.042050001544,Midair-S
10240.0,48.53040284192992,2355.2,10240.0,10176,10320,38.4,1184.0,872.0220180706447,760422.3999999998,1184.0,112,2448,755.2,3932.8,98.3186655727182,9666.56,3968.0,3808,4032,93.43999999999996,11032.96749927235,Midair-S
10025.6,348.8733867752024,121712.64,10160.0,9440,10416,308.4799999999999,2838.4,190.55455911628042,36311.039999999986,2864.0,2480,3008,143.35999999999996,4204.8,90.16961794307436,8130.559999999998,4240.0,4032,4288,69.11999999999989,11236.080854105672,Midair-S
9120.0,196.7414547064243,38707.2,9120.0,8880,9456,153.6,2070.4,83.8131254637363,7024.640000000002,2112.0,1904,2128,66.55999999999995,3977.6,86.81382378400345,7536.640000000002,3952.0,3888,4144,66.55999999999995,10162.787900964971,Midair-S
7811.2,592.0778327213408,350556.16,7760.0,7040,8736,503.04,1875.2,293.3546658909654,86056.95999999998,2064.0,1328,2096,245.76,2806.4,196.89753680531402,38768.64,2784.0,2544,3152,142.08,8509.236243047904,Midair-S
6560.0,276.94331549976073,76697.6,6576.0,6144,6976,224.0,931.2,336.89784801924753,113500.16,832.0,640,1568,259.84000000000003,3113.6,282.5438726994446,79831.03999999996,3264.0,2592,3344,238.08,7320.87688736807,Midair-S
5350.4,596.3172310104749,355594.2400000001,5360.0,4544,6176,517.1200000000001,1222.4,1447.963756452488,2096599.04,1408.0,-896,2832,1297.92,2764.8,434.3521152245031,188661.76000000004,2960.0,2224,3280,413.44,6145.336521298081,Midair-S
4140.8,171.8492362508487,29532.16000000001,4112.0,3936,4432,143.36000000000004,-547.2,677.8714922461337,459509.76,-864.0,-1152,720,552.96,3286.4,142.60659171300603,20336.64,3248.0,3088,3472,129.28000000000003,5314.703890152301,Midair-S
3996.8,214.99618601268259,46223.36,4144.0,3696,4192,208.64,1148.8,563.1818178883262,317173.76,1152.0,240,1840,464.64,4054.4,322.1686514855224,103792.63999999998,4064.0,3520,4512,241.92,5807.952396499131,Midair-S
3616.0,282.0723311492994,79564.8,3488.0,3392,4144,230.4,121.6,817.1348970641261,667709.44,-288.0,-592,1664,657.9200000000002,4928.0,304.9249087890328,92979.19999999998,4848.0,4576,5456,256.0,6113.544516890345,Midair-S
3760.0,466.805312737548,217907.20000000004,4000.0,3168,4288,448.0,473.6,1214.3399194624217,1474621.4400000004,224.0,-1088,2176,1099.52,5868.8,118.61601915424409,14069.76,5888.0,5696,6016,106.23999999999997,6986.036816393112,Midair-S
3667.2,609.3794876757831,371343.3599999999,3264.0,3104,4640,573.4399999999998,259.2,1128.5343415244395,1273589.7600000002,-16.0,-1024,2064,1002.24,6649.6,569.7977184931509,324669.4400000001,6304.0,6128,7680,491.52000000000015,7598.205093309867,Midair-S
-741.3333333333335,296.1321026539038,87694.22222222223,-880.0,-1040,-256,270.22222222222223,-1144.0,189.2582010552427,35818.666666666664,-1120.0,-1408,-896,162.66666666666666,7402.666666666668,123.12956139322876,15160.888888888889,7416.0,7200,7584,101.33333333333331,7527.136566376945,Backhand Tennis
716.8,512.7394660058849,262901.75999999995,464.0,64,1376,482.56000000000006,697.6,1301.798386847979,1694679.0399999996,880.0,-1280,2352,1140.48,6646.4,626.9550542104274,393072.64,6896.0,5616,7424,549.1200000000001,6721.241028262563,Backhand Tennis
4096.0,1362.0502193384796,1855180.8000000003,3936.0,2368,5808,1235.2,3772.8,1631.4477496996342,2661621.76,2720.0,2624,6896,1301.76,4956.8,972.3683252759728,945500.16,4576.0,4064,6800,757.76,7455.273440994636,Backhand Tennis
13132.8,1092.6207759328026,1193820.1599999995,13376.0,11072,14240,824.3200000000003,15392.0,3457.851355972376,11956736.0,17200.0,9376,18624,3078.4,12918.4,2153.1648891805758,4636119.040000001,13472.0,10384,15424,2014.72,24005.60681174296,Backhand Tennis
17203.2,3145.11980057994,9891778.56,16544.0,13104,21344,2871.04,17209.6,1021.4768915643663,1043415.0399999998,16928.0,16160,19136,770.559999999999,10060.8,2613.900564290845,6832476.159999997,8960.0,7328,14560,2300.16,26331.35239671521,Backhand Tennis
31932.8,1351.3096462321284,1826037.76,32640.0,29232,32640,1080.3200000000004,4787.2,11268.360065244631,126975938.56,5792.0,-11776,18864,9909.76,7804.8,4444.2389854732155,19751260.160000004,7264.0,1552,14208,3848.96,33219.510874183565,Backhand Tennis
21446.4,7802.867821512807,60884746.24,21616.0,11984,32640,6814.719999999998,-30377.6,4095.2074233181397,16770723.840000002,-32576.0,-32624,-22208,3267.840000000001,4300.8,2748.935968697707,7556648.96,4480.0,896,8768,2269.44,37433.18761954424,Backhand Tennis
3123.2,768.7596243299984,590991.36,2624.0,2432,4480,682.24,-19510.4,7898.7357368125695,62390026.23999999,-20480.0,-30464,-8048,6859.52,4902.4,1789.3866658718566,3201904.64,4976.0,1904,7104,1445.12,20357.888204821247,Backhand Tennis
646.4,914.3604540879926,836055.04,352.0,-368,1888,858.8799999999999,1020.8,1989.808272170965,3959336.9600000014,2112.0,-2832,2416,1541.12,5619.2,650.9778490855123,423772.16,5360.0,5040,6832,528.64,5747.632055029271,Backhand Tennis
-857.6,368.2920580191758,135639.03999999998,-896.0,-1328,-432,334.0800000000001,1625.6,322.32753528049693,103895.04,1440.0,1296,2144,299.52,5542.4,806.920466960654,651120.64,5168.0,4800,7072,634.8799999999999,5839.19950678173,Backhand Tennis
-419.2,249.6,62300.16,-448.0,-800,-32,194.56,3580.8,496.50554881088686,246517.76,3776.0,2928,4144,471.04,8444.8,382.8516161648008,146575.36,8560.0,7824,8912,336.6400000000002,9182.184071341631,Backhand Tennis
3573.333333333333,468.3626325354698,219363.5555555556,3560.0,2736,4208,368.0,-1960.0,206.92027450204102,42816.0,-1952.0,-2224,-1584,157.33333333333334,5224.0,725.1225183833877,525802.6666666665,5360.0,3888,6080,610.6666666666666,6625.744268466079,Shake
5318.4,3288.5290085386205,10814423.040000003,3472.0,2688,11440,2746.88,-3449.6,1229.2998983161106,1511178.2399999998,-3472.0,-4736,-1360,993.28,7942.4,4352.7128827893075,18946109.44,5696.0,4048,16064,3578.88,10162.029151699971,Shake
14873.6,849.755164738644,722083.84,14512.0,13680,15872,779.5200000000002,-89.6,921.1109813697805,848445.4400000002,-144.0,-1648,944,743.6800000000002,18137.6,1923.1600661411414,3698544.64,18112.0,15968,20768,1701.1199999999994,23456.439177334647,Shake
12284.8,1620.0156048631134,2624450.56,13392.0,9408,13616,1437.44,-3683.2,1086.7946264129207,1181122.5599999998,-4256.0,-4768,-1808,968.96,10720.0,3995.8122077995613,15966515.2,11008.0,4560,15712,3436.8,16715.28262638715,Shake
4275.2,3005.776199253697,9034690.56,5696.0,-224,7856,2792.96,-5120.0,846.3379939480444,716288.0000000001,-5024.0,-6208,-4080,768.0,-6499.2,5667.744750780508,32123330.56000001,-6880.0,-14688,1632,4815.36,9312.965998005147,Shake
-13600.0,4224.7878053222985,17848832.000000004,-10976.0,-19168,-8864,4064.0,-5510.4,7799.730703043537,60835799.04000002,-6192.0,-14992,4464,7051.52,-27203.2,4868.002563680509,23697448.960000005,-28864.0,-32512,-20864,4604.16,30908.552188674254,Shake
13270.4,16398.966913802833,268926115.84000003,6784.0,-8352,32640,15303.679999999997,-5958.4,4918.802846221833,24194621.44,-5072.0,-12912,800,4359.68,-5648.0,19871.70885454998,394884812.80000013,-11680.0,-26112,29744,16640.0,15604.6772065301,Shake
31078.4,1922.1481316485474,3694653.4400000013,32560.0,28144,32640,1841.92,-14473.6,6418.777254275146,41200701.44,-12848.0,-22128,-4288,5502.719999999998,28764.8,4039.198653198429,16315125.760000002,29728.0,21712,32640,3415.04,44752.27103242918,Shake
9731.2,2823.28874895927,7970959.3599999985,8768.0,7312,15040,2231.04,486.4,1448.8828247998526,2099261.44,160.0,-1728,2320,1262.08,3497.6,4199.012150494447,17631703.040000007,3216.0,-2752,10192,3224.32,10352.10336888113,Shake
-8115.2,12170.48979129435,148120821.76000002,-10928.0,-21184,8496,11279.36,-2928.0,5693.779342405183,32419123.200000007,-1888.0,-13072,3648,4518.4,-26758.4,8252.133047885256,68097699.84,-31520.0,-32624,-10848,6449.92,28114.79371434192,Shake
-1840.0,9742.736207041633,94920908.79999998,-2208.0,-14064,10272,8716.8,-7440.0,5911.440298269112,34945126.39999999,-7856.0,-15616,144,5228.8,-21142.4,7118.440098785689,50672189.44,-23216.0,-29456,-10608,6533.12,22488.66998646207,Shake
31689.6,1530.811235913821,2343383.0400000005,32624.0,28688,32640,1200.6400000000008,-9884.8,10595.0129853625,112254300.16,-12096.0,-24128,2224,9687.04,25830.4,11828.407730544292,139911229.44,30960.0,2224,32640,9442.56,42061.25988793013,Shake
16768.0,6145.441497565494,37766451.2,13504.0,10352,24672,5932.8,-3577.6,3897.8128020724653,15192944.64,-4016.0,-9200,1696,3399.6800000000007,13859.2,8470.850309148427,71755304.96000001,10896.0,4784,28320,7408.6399999999985,22046.370912238595,Shake
-4742.4,14105.57894735271,198967357.44,3120.0,-22432,8480,13684.48,-956.8,4137.92790657353,17122447.359999996,-3216.0,-4848,6240,3690.24,-19811.2,13842.932960901024,191626792.96,-27136.0,-32624,1200,13116.16,20393.36827108264,Shake
-1260.8,17056.799681065615,290934415.36000013,-8144.0,-17008,27696,15223.04,-15347.2,3349.6893229074244,11220418.56,-14992.0,-19824,-10320,2877.44,-25948.8,6603.945681181819,43612098.56,-29552.0,-32336,-14704,5968.64,30173.935539137085,Shake
30038.4,3730.747142329536,13918474.239999998,32336.0,22864,32640,2942.72,-4217.6,16184.835094618667,261948887.04,-10352.0,-23168,15776,15342.079999999998,29020.8,3997.469919836796,15979765.759999998,31952.0,22848,32608,3811.84,41979.762469075504,Shake
5433.6,7840.356563320319,61471191.04,-288.0,-1312,16144,7640.32,572.8,2146.4678334417217,4607324.159999998,-240.0,-2000,3648,1999.36,4659.2,4642.188725159716,21549916.159999996,2768.0,624,13648,3595.5200000000004,7180.54687610909,Shake
-105.6,1975.4551475546084,3902423.04,-128.0,-2160,3328,1556.48,2057.6,531.2963767992401,282275.84,2064.0,1168,2768,410.88,38.4,2160.4052953091928,4667351.04,-1008.0,-2800,3024,1998.0800000000006,2060.6658341419648,Shake
-1466.666666666667,56.69411100125146,3214.222222222222,-1464.0,-1552,-1392,48.0,-2389.333333333333,137.5338342210947,18915.55555555556,-2320.0,-2656,-2272,119.11111111111117,-7416.0,148.01801692136445,21909.33333333333,-7368.0,-7632,-7264,136.0,7928.245763653451,Midair-S
-1520.0,154.46423534268382,23859.200000000004,-1456.0,-1824,-1392,121.6,-3417.6,281.8180973606912,79421.44000000003,-3456.0,-3728,-2992,250.88,-8531.2,851.9094787593338,725749.7599999999,-8096.0,-10080,-7760,727.0400000000003,9315.136241623091,Midair-S
-803.2,244.8365985713737,59944.96000000002,-832.0,-1168,-496,213.76,-3270.4,282.9060621478444,80035.84,-3152.0,-3728,-2960,257.28000000000003,-11948.8,314.08941402091216,98652.15999999996,-12080.0,-12304,-11424,279.04000000000013,12414.28482998517,Midair-S
-1152.0,59.86651818838306,3584.0,-1120.0,-1232,-1088,57.6,-4345.6,265.54216237727667,70512.64,-4240.0,-4672,-3968,241.92000000000007,-11369.6,764.364729693881,584253.44,-10944.0,-12576,-10528,709.1200000000001,12226.166509581,Midair-S
-912.0,234.0598214132447,54784.0,-848.0,-1216,-624,217.6,-3702.4,51.2,2621.44,-3696.0,-3776,-3648,46.08000000000002,-11475.2,1040.0935342554537,1081794.5600000005,-11632.0,-12752,-9840,904.9599999999997,12092.13483219568,Midair-S
-780.8,143.608356302828,20623.359999999993,-800.0,-960,-560,125.44,-3203.2,261.4225697984013,68341.76,-3200.0,-3600,-2864,221.44,-9328.0,85.26664060463507,7270.4,-9360.0,-9440,-9200,76.8,9893.519236348611,Midair-S
-710.4,233.53423731864243,54538.24,-848.0,-960,-336,216.32,-2752.0,138.74869368754432,19251.2,-2832.0,-2848,-2480,108.8,-7404.8,1174.334603083806,1379061.7600000005,-7360.0,-8992,-5760,1020.16,7931.534227373668,Midair-S
-489.6,98.42276159507007,9687.04,-464.0,-624,-352,88.32000000000002,-2604.8,157.8738737093633,24924.16,-2624.0,-2864,-2432,131.83999999999997,-3996.8,857.6596994146338,735580.16,-3872.0,-5248,-2832,751.36,4795.737841041773,Midair-S
-675.2,225.91184121245172,51036.16,-736.0,-896,-272,188.16,-2636.8,557.3330781498619,310620.16000000003,-2848.0,-3200,-1744,509.44,-1574.4,270.1300427571876,72970.24,-1440.0,-2064,-1344,231.68,3144.4148326834998,Midair-S
633.6,379.2506295314485,143831.03999999995,576.0,96,1264,293.12,-1609.6,462.6850332569664,214077.44000000003,-1728.0,-2208,-880,404.48,-524.8,477.58324928749335,228085.76,-592.0,-1136,192,419.84,1807.6714745771694,Midair-S
2921.6,790.5101137872937,624906.24,3344.0,1856,3664,762.88,-249.6,267.08021267027624,71331.83999999997,-144.0,-608,96,248.32,1827.2,857.719394674039,735682.5599999998,1728.0,624,3008,752.64,3454.95391575633,Midair-S
5465.6,809.1382082190903,654704.6399999999,5536.0,4208,6448,698.8799999999999,1014.4,696.292352392298,484823.04,1088.0,-16,1760,619.52,4265.6,633.1311396543373,400855.0399999999,4240.0,3392,5280,510.72000000000014,7006.934713553424,Midair-S
8556.8,1571.763646353993,2470440.96,7616.0,6960,11136,1448.9599999999996,1884.8,757.1500247639169,573276.16,1888.0,1008,3136,618.24,6630.4,415.4581085982076,172605.44000000006,6816.0,5872,6992,350.72000000000014,10987.879751799252,Midair-S
13040.0,474.7445628967224,225382.4,13040.0,12240,13536,384.0,3872.0,564.1446622985987,318259.2,3664.0,3280,4784,512.0,7564.8,274.6040057974392,75407.36000000003,7568.0,7120,7888,227.84,15564.709539210811,Midair-S
13536.0,78.38367176906169,6143.999999999999,13536.0,13440,13664,64.0,5644.8,289.13553915075886,83599.36000000003,5648.0,5136,6000,215.04,6172.8,463.6578048518109,214978.56000000003,5904.0,5712,6992,405.7600000000001,15911.96162891301,Midair-S
12752.0,446.1676814830944,199065.6,12800.0,11952,13184,352.0,7091.2,437.4061727959494,191324.16,7216.0,6416,7664,386.56000000000006,5036.8,402.5391409540196,162037.76000000007,4976.0,4480,5552,360.96,15435.931318841765,Midair-S
9628.8,1259.6136550545966,1586626.5600000003,9632.0,8096,11120,1123.84,6937.6,651.3080991358852,424202.2400000001,6528.0,6368,8048,593.9200000000002,3488.0,496.0516102181305,246067.20000000004,3584.0,2800,4064,454.4,12369.730280002066,Midair-S
7820.8,195.540686303388,38236.16,7808.0,7600,8160,156.16000000000003,9043.2,340.2248668160516,115752.96,8896.0,8592,9456,317.44000000000017,4716.8,781.7698894175958,611164.16,5136.0,3488,5616,720.64,12852.726602554028,Midair-S
4556.8,1345.0814696515595,1809244.16,4032.0,3152,6704,1231.36,8851.2,138.52710926024554,19189.760000000006,8864.0,8656,9008,124.15999999999985,3456.0,504.44424865390226,254464.0,3168.0,2896,4224,473.6,10538.126193968264,Midair-S
4633.6,582.505484952717,339312.64,4432.0,3856,5408,536.32,7456.0,652.5960465709243,425881.6,7456.0,6688,8336,576.0,5113.6,467.3095761912011,218378.24,5360.0,4320,5616,417.27999999999986,10159.28589616416,Midair-S
4384.0,318.5567453374673,101478.4,4288.0,4064,4960,262.4,3689.6,2380.541921496028,5666979.840000002,4000.0,128,6592,2106.88,5526.4,313.3059846220624,98160.64,5488.0,5168,6064,257.2799999999999,7960.760084313557,Midair-S
2377.6,967.5754440869196,936202.24,2304.0,784,3680,766.72,-2963.2,742.9515192796903,551976.96,-3264.0,-3664,-1680,655.36,7094.4,333.87518625977583,111472.64,7088.0,6496,7440,250.87999999999997,8047.611282859032,Midair-S
3625.6,951.9986554612353,906301.44,4048.0,1968,4512,839.68,-5184.0,1049.092560263393,1100595.2000000002,-5104.0,-6672,-3760,915.2,6160.0,464.16548773039983,215449.6,6272.0,5472,6704,422.4,8829.746959001714,Midair-S
3257.6,525.092601357132,275722.24,3168.0,2464,3904,459.52,-7913.6,275.01389055827707,75632.64000000003,-8016.0,-8160,-7376,215.03999999999982,4198.4,756.8930175394671,572887.04,4032.0,3408,5344,686.0799999999998,9532.239258432408,Midair-S
5657.6,575.8755421095777,331632.64,5920.0,4576,6192,462.07999999999987,-7372.8,155.91587475302188,24309.76000000001,-7328.0,-7632,-7168,130.56000000000003,4576.0,666.7989202150825,444620.79999999993,4880.0,3504,5328,608.0,10358.879939452914,Midair-S
7449.6,666.2304706330985,443863.04,7072.0,6704,8416,632.32,-6745.6,433.4317016555204,187863.04000000004,-6880.0,-7216,-6032,385.27999999999986,3401.6,580.9211994754537,337469.44,3232.0,2848,4464,472.32,10609.926582215356,Midair-S
9094.4,211.92602482942013,44912.64,9104.0,8736,9344,171.5200000000001,-5305.6,174.86177398162238,30576.64,-5264.0,-5632,-5104,130.56000000000023,3990.4,265.54216237727667,70512.64,3968.0,3648,4336,238.08,11259.697814772828,Midair-S
9424.0,566.7705002909025,321228.8,9296.0,8800,10320,505.6,-3814.4,571.0543231602403,326103.04000000004,-3664.0,-4640,-3168,526.08,4550.4,200.5049625321029,40202.24,4432.0,4352,4832,193.27999999999992,11138.5620041368,Midair-S
9929.6,265.54216237727667,70512.64,9984.0,9584,10304,238.07999999999996,-1568.0,681.7577282290242,464793.6,-1568.0,-2560,-592,569.6,3708.8,240.19192326137863,57692.16,3600.0,3504,4160,194.56000000000003,10714.979122704814,Midair-S
11494.4,539.994666640329,291594.24000000005,11792.0,10544,11968,478.72000000000014,-473.6,109.73714047668638,12042.24,-496.0,-656,-352,90.88,4192.0,300.0159995733561,90009.60000000002,4304.0,3776,4544,281.6,12244.116641064802,Midair-S
12044.8,155.91587475302188,24309.76000000001,11968.0,11888,12256,149.75999999999985,691.2,351.6216148077362,123637.76,720.0,224,1120,316.16,4147.2,111.0358500665438,12328.96,4176.0,3952,4272,92.16000000000004,12757.516698793695,Midair-S
11897.6,349.45992617180013,122122.24,12112.0,11280,12224,308.4799999999999,1654.4,496.31989684073716,246333.44,1632.0,1008,2464,404.48,4153.6,426.5253099172428,181923.84000000003,4336.0,3376,4512,359.67999999999995,12709.92990067215,Midair-S
11353.6,239.16655284550131,57200.63999999999,11328.0,11056,11664,216.32000000000008,3388.8,169.75087628639798,28815.359999999993,3440.0,3104,3600,144.63999999999996,1504.0,466.25658172298216,217395.2,1328.0,1056,2368,377.6,11943.626517938344,Midair-S
9865.6,1284.8547933521515,1650851.84,9984.0,7968,11536,1121.28,2572.8,444.2586633932983,197365.76,2656.0,1888,3152,387.84,2099.2,175.67970856077832,30863.36,2208.0,1856,2288,168.96000000000004,10409.41899627448,Midair-S
-3101.333333333333,104.68152760741613,10958.222222222224,-3096.0,-3216,-2992,104.0,-4637.333333333333,103.03828846059551,10616.88888888889,-4624.0,-4816,-4528,93.33333333333331,-5997.333333333332,219.85045422337024,48334.22222222223,-6080.0,-6208,-5616,190.22222222222234,8190.91789728111,Backhand Tennis
-1564.8,1099.9997090908703,1209999.3599999996,-1696.0,-2880,176,951.0400000000003,-4953.6,87.40160181598503,7639.039999999997,-4928.0,-5088,-4832,75.52000000000007,-7049.6,689.5684447536736,475504.64,-6880.0,-8160,-6304,613.1200000000001,8756.917960104458,Backhand Tennis
2768.0,1199.0823157731916,1437798.4,2128.0,1312,4416,1132.8,-5267.2,275.16278818183247,75714.56,-5312.0,-5664,-4944,245.76000000000005,-10160.0,747.6640957007364,559001.6,-10544.0,-10944,-8896,672.0,11774.158986526385,Backhand Tennis
7568.0,1449.0029675607987,2099609.6,7840.0,5472,9472,1292.8,-8166.4,1377.0265937882245,1896202.24,-8176.0,-10160,-6352,1182.72,-10531.2,181.97846026384548,33116.16,-10464.0,-10800,-10288,163.84000000000015,15325.497916870434,Backhand Tennis
11446.4,1250.4836824205265,1563709.4400000004,11568.0,9632,13440,984.32,-12979.2,1026.666528138519,1054044.1600000004,-13296.0,-14192,-11424,936.9599999999997,-10566.4,552.6465778415713,305418.24,-10720.0,-11152,-9664,491.52000000000015,20276.30426285816,Backhand Tennis
17440.0,1605.7815542594824,2578534.4,17424.0,15088,19488,1382.4,-16499.2,1288.2692886194252,1659637.7599999998,-16336.0,-18336,-14816,1143.0400000000004,-6873.6,1358.836207936777,1846435.84,-6832.0,-8784,-5072,1182.72,24972.456378978823,Backhand Tennis
20886.4,1178.1303153726244,1387991.04,20800.0,19600,22640,1038.0800000000004,-18214.4,835.8434303145535,698634.2399999999,-18640.0,-18944,-16768,747.5199999999996,1270.4,4846.258168938176,23486218.24,-112.0,-4176,8944,4359.68,27742.025673695854,Backhand Tennis
19635.2,1886.7629845849744,3559874.56,19664.0,17392,22208,1666.56,-21948.8,5108.681489386474,26098626.56,-21072.0,-29792,-15984,4540.16,10963.2,1674.7774061050625,2804879.360000001,11360.0,8448,12752,1525.7599999999998,31424.236740452423,Backhand Tennis
19244.8,1075.0476082481184,1155727.36,19072.0,17712,20528,962.5599999999997,-22435.2,10001.673587955169,100033474.56000002,-25648.0,-32352,-6624,9109.76,17334.4,3738.2328231398324,13974384.64,18512.0,10944,21440,3237.12,34266.338430593954,Backhand Tennis
12576.0,3899.643470882947,15207219.199999996,13760.0,7648,18112,3532.8,-7273.6,1104.7000678917332,1220362.24,-7424.0,-8304,-5248,852.4799999999998,20643.2,1736.8484562563308,3016642.56,21328.0,17632,22256,1525.7599999999998,25242.875018507697,Backhand Tennis
-3594.666666666666,68.29999186595039,4664.88888888889,-3608.0,-3664,-3472,58.66666666666666,-1474.666666666667,76.96463834486299,5923.555555555556,-1504.0,-1552,-1328,65.77777777777776,7072.0,52.255781179374466,2730.6666666666665,7088.0,6976,7136,42.66666666666666,8069.0429557799625,Shake
-3472.0,35.05424368033063,1228.7999999999995,-3488.0,-3520,-3424,32.0,-1241.6,38.66574711550263,1495.0400000000004,-1248.0,-1296,-1184,33.28000000000001,6937.6,67.57987866221721,4567.039999999999,6912.0,6864,7040,62.72000000000007,7856.630850434554,Shake
-3337.6,142.60659171300603,20336.64,-3392.0,-3472,-3104,129.28000000000003,-1718.4,282.5438726994447,79831.04000000001,-1664.0,-2128,-1408,257.28000000000003,7347.2,144.3196452323799,20828.16,7392.0,7104,7520,124.16000000000004,8250.686041778587,Shake
-2860.8,94.60317119420469,8949.759999999998,-2880.0,-3008,-2736,80.63999999999996,-2467.2,145.02744567839562,21032.960000000006,-2480.0,-2672,-2256,124.16000000000004,7433.6,78.1219559406957,6103.04,7408.0,7360,7584,60.16000000000022,8338.444785450103,Shake
-2550.4,99.9711958516052,9994.240000000002,-2544.0,-2704,-2416,84.48000000000002,-2934.4,95.25040682327818,9072.64,-2992.0,-3040,-2784,88.31999999999998,7664.0,22.62741699796952,512.0000000000001,7664.0,7632,7696,19.2,8593.726753859468,Shake
-2515.2,27.527440854536405,757.76,-2528.0,-2544,-2464,21.760000000000037,-2627.2,255.07834090725933,65064.95999999999,-2688.0,-2928,-2256,232.96000000000004,7184.0,275.83183282572736,76083.20000000001,7280.0,6768,7536,249.6,8052.221238888062,Shake
-2828.8,231.50844477037984,53596.16000000001,-2848.0,-3216,-2528,183.04,-1142.4,417.42525079348036,174243.84000000005,-864.0,-1840,-768,385.28,6304.0,265.23348204930693,70348.79999999999,6208.0,5936,6688,236.8,7003.3994031470165,Shake
-3520.0,78.38367176906169,6143.999999999999,-3520.0,-3616,-3392,64.0,-1132.8,185.8756573626573,34549.75999999999,-1200.0,-1312,-800,157.44,7980.8,292.83059949397364,85749.76,8048.0,7472,8288,247.04,8795.840180448939,Shake
-4288.0,509.2928430677188,259379.2,-4288.0,-4912,-3712,454.4,-944.0,290.8305348480452,84582.40000000001,-896.0,-1280,-624,268.8,6969.6,227.76268351071036,51875.84,6912.0,6752,7408,175.36000000000018,8237.31777704369,Shake
-4864.0,177.30425826809687,31436.8,-4880.0,-5088,-4640,160.0,-435.2,634.165404291341,402165.76,-528.0,-1216,528,559.36,6752.0,278.05035515172426,77312.0,6800.0,6336,7072,249.6,8332.910598344373,Shake
-4355.2,164.23203098056115,26972.16,-4464.0,-4480,-4048,136.96000000000004,1049.6,120.41528142225138,14499.839999999998,1072.0,880,1184,110.08,6297.6,198.7094361121283,39485.44,6240.0,6096,6640,171.5200000000001,7728.466404145133,Shake
-3702.4,232.8755891028512,54231.04,-3760.0,-4016,-3376,209.92,563.2,157.549230401167,24821.76,448.0,416,800,151.04000000000005,6726.4,203.5461618405024,41431.04,6832.0,6336,6896,158.72000000000008,7698.663322941197,Shake
-3190.4,124.59470293716343,15523.839999999998,-3200.0,-3408,-3040,94.71999999999998,32.0,281.7090697865441,79360.0,96.0,-448,368,236.8,6457.6,172.79999999999995,29859.839999999997,6448.0,6288,6768,133.12000000000006,7202.796257010191,Shake
-2528.0,238.82378441017968,57036.8,-2416.0,-2960,-2272,198.4,-2012.8,807.0346708785195,651304.9600000001,-2048.0,-3088,-864,701.4399999999998,7433.6,198.7094361121283,39485.44,7520.0,7072,7616,167.6799999999999,8105.587998411959,Shake
-2313.6,122.52281420209054,15011.84,-2320.0,-2480,-2112,97.28000000000002,-4329.6,532.6438209535524,283709.4400000001,-4336.0,-4992,-3600,468.47999999999985,7763.2,305.83027973044136,93532.16000000002,7616.0,7488,8320,259.84,9185.066976348076,Shake
-1606.4,252.49601977060942,63754.24,-1472.0,-1920,-1360,244.48,-5206.4,200.760155409384,40304.640000000014,-5264.0,-5376,-4832,158.72000000000008,8732.8,235.89014392297105,55644.16,8720.0,8368,9024,200.9599999999999,10293.14906916246,Shake
-2153.6,307.86594485262583,94781.44000000002,-2288.0,-2432,-1600,263.68,-3040.0,762.0435683082693,580710.4,-2944.0,-4224,-2128,665.6,6995.2,383.65317671042436,147189.76000000007,6784.0,6704,7744,299.51999999999987,7925.428442677405,Shake
-2812.8,537.8856384028113,289320.96,-2448.0,-3664,-2320,508.16,-1376.0,314.18720534101965,98713.6,-1296.0,-1872,-1024,281.6,6995.2,174.51005701678054,30453.759999999995,7040.0,6656,7152,135.68000000000012,7664.074822181735,Shake
-4678.4,556.8000000000002,310026.24000000005,-4688.0,-5424,-3824,465.92000000000013,-1347.2,129.7480635693651,16834.560000000005,-1344.0,-1536,-1152,106.24,6761.6,86.22203894596788,7434.24,6720.0,6672,6912,75.52000000000007,8331.963091612924,Shake
-5830.4,123.77010947720777,15319.039999999995,-5856.0,-5952,-5600,94.72000000000007,-259.2,616.9779250508077,380661.76,-352.0,-1072,592,552.96,5945.6,294.08678991073367,86487.04000000001,5728.0,5712,6432,273.9200000000001,8331.320913276597,Shake
-5750.4,153.33310144909998,23511.04,-5808.0,-5968,-5520,133.12000000000006,1350.4,227.08729598989018,51568.64000000001,1312.0,1040,1680,199.68,6262.4,365.78113674709914,133795.84,6176.0,5840,6832,327.67999999999995,8608.619754641273,Shake
-4601.6,583.2960140443272,340234.2400000001,-4576.0,-5248,-3792,517.1200000000001,1824.0,57.243340223994615,3276.8,1792.0,1760,1920,51.2,7040.0,174.0988225118137,30310.4,7136.0,6832,7248,166.4,8606.003634672716,Shake
-3241.6,254.91771221317677,64983.04,-3216.0,-3600,-2960,229.12,1849.6,43.64218143035474,1904.64,1856.0,1792,1904,39.68000000000002,6435.2,89.6,8028.159999999999,6400.0,6368,6608,69.11999999999989,7439.139046959668,Shake
-1964.8,369.7904271340728,136744.96000000005,-2080.0,-2464,-1456,336.64,236.8,1092.386451765125,1193308.1599999995,384.0,-1456,1600,951.04,7094.4,334.4880266915394,111882.23999999998,7104.0,6608,7472,293.12000000000006,7365.257947960818,Shake
-1827.2,244.83659857137368,59944.96,-1792.0,-2176,-1552,221.44,-3360.0,704.5089069699545,496332.8000000001,-3552.0,-4208,-2224,620.8,7286.4,151.65434382173166,22999.04,7216.0,7088,7520,135.67999999999992,8229.209245121914,Shake
-2121.6,54.116910480920836,2928.640000000001,-2112.0,-2192,-2064,49.91999999999998,-4816.0,133.8656042454521,17920.0,-4816.0,-4992,-4624,115.2,7996.8,294.9212776318454,86978.56000000003,8128.0,7488,8304,259.84,9573.07958809494,Shake
-2284.8,58.482134023990604,3420.159999999999,-2320.0,-2336,-2176,48.63999999999997,-3833.6,368.43105189438086,135741.44,-3680.0,-4416,-3424,337.92,7558.4,300.1183766449499,90071.04,7408.0,7264,8048,276.4799999999999,8777.59708348475,Shake
-2723.2,370.8964275913156,137564.15999999995,-2608.0,-3312,-2352,336.64,-2940.8,392.49275152542634,154050.56000000006,-3136.0,-3328,-2304,362.24,7587.2,266.0814912766388,70799.35999999999,7600.0,7168,7904,226.56000000000003,8580.776580240276,Shake
-4022.4,338.89797874876734,114851.84,-4128.0,-4384,-3568,318.72,-1350.4,431.41886838662947,186122.24,-1360.0,-1968,-704,357.12,6636.8,190.23185853058362,36188.15999999999,6736.0,6400,6848,183.04,7877.207383330718,Shake
-5369.6,475.77877211998435,226365.44000000012,-5280.0,-6096,-4736,414.72000000000014,288.0,358.48570403852926,128512.0,368.0,-336,736,288.0,6534.4,345.33323037321503,119255.04,6624.0,5968,6880,305.92000000000013,8462.501493057474,Shake
-6643.2,147.82476111937402,21852.159999999996,-6736.0,-6800,-6464,143.36000000000004,1443.2,320.86283673869116,102952.95999999998,1536.0,944,1808,290.56,5897.6,305.6963198993406,93450.24,5808.0,5616,6480,232.96000000000018,8999.812122483447,Shake
-5270.4,605.3500144544478,366448.64,-5168.0,-6160,-4496,538.8799999999999,1708.8,71.12355446685717,5058.559999999999,1680.0,1616,1792,66.55999999999999,7987.2,467.9446121070313,218972.16,8224.0,7168,8448,412.16,9720.724121175335,Shake
-3708.8,481.6398654596607,231976.96,-3664.0,-4432,-2944,367.36,1596.8,181.97846026384556,33116.16000000002,1712.0,1280,1744,163.84,7152.0,427.77190183554603,182988.8,6992.0,6736,7840,390.4,8213.164535061991,Shake
-2553.6,125.41387483049871,15728.64,-2512.0,-2752,-2416,113.92,217.6,582.2417367382728,339005.4400000001,240.0,-576,1056,500.48,6934.4,97.90117466098144,9584.639999999998,6976.0,6752,7040,75.52000000000007,7392.84289566605,Shake
-2457.6,89.14168497397837,7946.239999999999,-2480.0,-2544,-2288,67.84000000000006,-1504.0,435.83483110003954,189952.0,-1456.0,-2144,-880,371.2,6972.8,11.973303637676613,143.36,6976.0,6960,6992,10.239999999999963,7544.650661230115,Shake
-2131.2,55.79390647732061,3112.96,-2128.0,-2192,-2032,42.23999999999997,-3088.0,386.260016051364,149196.8,-3168.0,-3600,-2480,332.8,7273.6,107.37895510760008,11530.239999999994,7344.0,7088,7360,97.27999999999993,8184.315145447419,Shake
-2057.6,31.35346870762468,983.04,-2048.0,-2112,-2016,24.319999999999986,-4134.4,333.4148167073563,111165.44,-4016.0,-4704,-3728,282.87999999999994,7468.8,167.62625092747254,28098.56,7408.0,7280,7760,143.36000000000004,8781.22739484635,Shake
-2272.0,109.92360983883309,12083.2,-2208.0,-2448,-2160,102.4,-4448.0,481.3846694692302,231731.2,-4672.0,-4864,-3600,422.4,8064.0,221.2401410232781,48947.2,8128.0,7664,8304,179.2,9485.503887511722,Shake
-3030.4,345.03657777111107,119050.23999999998,-3120.0,-3440,-2432,286.72,-2051.2,526.7281651858004,277442.56,-1824.0,-2896,-1504,483.84,6585.6,334.1817469581485,111677.44000000005,6448.0,6272,7168,293.12000000000006,7533.981215798192,Shake
-4694.4,408.4985189691635,166871.04000000007,-4832.0,-5264,-4032,337.92000000000013,-710.4,376.13274252582687,141475.84000000005,-736.0,-1216,-160,325.12,6268.8,126.95574031921518,16117.759999999998,6272.0,6064,6416,106.23999999999997,7863.835766342021,Shake
-5228.8,57.6,3317.76,-5216.0,-5296,-5168,53.760000000000026,172.8,52.96942514318992,2805.76,192.0,96,240,48.64,6323.2,441.6,195010.56000000003,6272.0,5744,6928,394.24,8206.89146510419,Shake
-4960.0,137.2647077729742,18841.6,-4912.0,-5136,-4784,128.0,80.0,0.0,0.0,80.0,80,80,0.0,7017.6,83.2,6922.240000000002,7040.0,6912,7104,78.07999999999993,8593.876294199259,Shake
-4038.4,298.23587979986576,88944.63999999998,-4032.0,-4496,-3616,244.48,262.4,101.49600977378373,10301.44,288.0,96,384,88.32000000000002,6588.8,205.49880778242974,42229.76,6576.0,6304,6848,181.76000000000005,7732.387326046207,Shake
-3584.0,48.53040284192992,2355.2,-3584.0,-3648,-3504,38.4,169.6,146.85176199147222,21565.44,192.0,-80,336,122.88000000000002,6387.2,94.06040612287406,8847.359999999999,6368.0,6256,6544,74.23999999999997,7325.9909909854505,Shake
